nameid,objectname,metricname
1,time,walltime
2,RestSeg_cache_1,access-mru-0
3,RestSeg_cache_1,access-mru-1
4,RestSeg_cache_1,access-mru-2
5,RestSeg_cache_1,access-mru-3
6,RestSeg_cache_1,access-mru-4
7,RestSeg_cache_1,access-mru-5
8,RestSeg_cache_1,access-mru-6
9,RestSeg_cache_1,access-mru-7
10,RestSeg_cache_1,data-reuse-0
11,RestSeg_cache_1,data-reuse-1
12,RestSeg_cache_1,data-reuse-2
13,RestSeg_cache_1,data-reuse-3
14,RestSeg_cache_1,data-reuse-4
15,RestSeg_cache_1,metadata-reuse-0
16,RestSeg_cache_1,metadata-reuse-1
17,RestSeg_cache_1,metadata-reuse-2
18,RestSeg_cache_1,metadata-reuse-3
19,RestSeg_cache_1,metadata-reuse-4
20,RestSeg_cache_1,tlb-reuse-0
21,RestSeg_cache_1,tlb-reuse-1
22,RestSeg_cache_1,tlb-reuse-2
23,RestSeg_cache_1,tlb-reuse-3
24,RestSeg_cache_1,tlb-reuse-4
25,RestSeg_cache_1,data-util-0
26,RestSeg_cache_1,data-util-1
27,RestSeg_cache_1,data-util-2
28,RestSeg_cache_1,data-util-3
29,RestSeg_cache_1,data-util-4
30,RestSeg_cache_1,data-util-5
31,RestSeg_cache_1,data-util-6
32,RestSeg_cache_1,data-util-7
33,RestSeg_cache_1,metadata-util-0
34,RestSeg_cache_1,metadata-util-1
35,RestSeg_cache_1,metadata-util-2
36,RestSeg_cache_1,metadata-util-3
37,RestSeg_cache_1,metadata-util-4
38,RestSeg_cache_1,metadata-util-5
39,RestSeg_cache_1,metadata-util-6
40,RestSeg_cache_1,metadata-util-7
41,RestSeg_cache_1,tlb-util-0
42,RestSeg_cache_1,tlb-util-1
43,RestSeg_cache_1,tlb-util-2
44,RestSeg_cache_1,tlb-util-3
45,RestSeg_cache_1,tlb-util-4
46,RestSeg_cache_1,tlb-util-5
47,RestSeg_cache_1,tlb-util-6
48,RestSeg_cache_1,tlb-util-7
49,RestSeg_cache_1,average_data_reuse
50,RestSeg_cache_1,average_metadata_reuse
51,RestSeg_cache_1,average_tlb_reuse
52,RestSeg_1,allocation_conflicts
53,RestSeg_1,hits
54,RestSeg_1,accesses
55,RestSeg_1,allocations
56,RestSeg_1,RestSeg_utilization
57,RestSeg_cache_2,access-mru-0
58,RestSeg_cache_2,access-mru-1
59,RestSeg_cache_2,access-mru-2
60,RestSeg_cache_2,access-mru-3
61,RestSeg_cache_2,access-mru-4
62,RestSeg_cache_2,access-mru-5
63,RestSeg_cache_2,access-mru-6
64,RestSeg_cache_2,access-mru-7
65,RestSeg_cache_2,data-reuse-0
66,RestSeg_cache_2,data-reuse-1
67,RestSeg_cache_2,data-reuse-2
68,RestSeg_cache_2,data-reuse-3
69,RestSeg_cache_2,data-reuse-4
70,RestSeg_cache_2,metadata-reuse-0
71,RestSeg_cache_2,metadata-reuse-1
72,RestSeg_cache_2,metadata-reuse-2
73,RestSeg_cache_2,metadata-reuse-3
74,RestSeg_cache_2,metadata-reuse-4
75,RestSeg_cache_2,tlb-reuse-0
76,RestSeg_cache_2,tlb-reuse-1
77,RestSeg_cache_2,tlb-reuse-2
78,RestSeg_cache_2,tlb-reuse-3
79,RestSeg_cache_2,tlb-reuse-4
80,RestSeg_cache_2,data-util-0
81,RestSeg_cache_2,data-util-1
82,RestSeg_cache_2,data-util-2
83,RestSeg_cache_2,data-util-3
84,RestSeg_cache_2,data-util-4
85,RestSeg_cache_2,data-util-5
86,RestSeg_cache_2,data-util-6
87,RestSeg_cache_2,data-util-7
88,RestSeg_cache_2,metadata-util-0
89,RestSeg_cache_2,metadata-util-1
90,RestSeg_cache_2,metadata-util-2
91,RestSeg_cache_2,metadata-util-3
92,RestSeg_cache_2,metadata-util-4
93,RestSeg_cache_2,metadata-util-5
94,RestSeg_cache_2,metadata-util-6
95,RestSeg_cache_2,metadata-util-7
96,RestSeg_cache_2,tlb-util-0
97,RestSeg_cache_2,tlb-util-1
98,RestSeg_cache_2,tlb-util-2
99,RestSeg_cache_2,tlb-util-3
100,RestSeg_cache_2,tlb-util-4
101,RestSeg_cache_2,tlb-util-5
102,RestSeg_cache_2,tlb-util-6
103,RestSeg_cache_2,tlb-util-7
104,RestSeg_cache_2,average_data_reuse
105,RestSeg_cache_2,average_metadata_reuse
106,RestSeg_cache_2,average_tlb_reuse
107,RestSeg_2,allocation_conflicts
108,RestSeg_2,hits
109,RestSeg_2,accesses
110,RestSeg_2,allocations
111,RestSeg_2,RestSeg_utilization
112,barrier,global_time
113,core,bbv-0
114,core,bbv-1
115,core,bbv-2
116,core,bbv-3
117,core,bbv-4
118,core,bbv-5
119,core,bbv-6
120,core,bbv-7
121,core,bbv-8
122,core,bbv-9
123,core,bbv-10
124,core,bbv-11
125,core,bbv-12
126,core,bbv-13
127,core,bbv-14
128,core,bbv-15
129,core,instructions
130,core,spin_loops
131,core,spin_instructions
132,core,spin_elapsed_time
133,network.shmem-1.mesh,bytes-out
134,network.shmem-1.mesh,packets-out
135,network.shmem-1.mesh,bytes-in
136,network.shmem-1.mesh,packets-in
137,network.shmem-1.mesh,contention-delay
138,network.shmem-1.mesh,total-delay
139,network.shmem-1.mesh.link-down,num-requests
140,network.shmem-1.mesh.link-down,num-requests-analytical
141,network.shmem-1.mesh.link-down,total-time-used
142,network.shmem-1.mesh.link-down,total-queue-delay
143,network.shmem-1.mesh.link-left,num-requests
144,network.shmem-1.mesh.link-left,num-requests-analytical
145,network.shmem-1.mesh.link-left,total-time-used
146,network.shmem-1.mesh.link-left,total-queue-delay
147,network.shmem-1.mesh.link-up,num-requests
148,network.shmem-1.mesh.link-up,num-requests-analytical
149,network.shmem-1.mesh.link-up,total-time-used
150,network.shmem-1.mesh.link-up,total-queue-delay
151,network.shmem-1.mesh.link-right,num-requests
152,network.shmem-1.mesh.link-right,num-requests-analytical
153,network.shmem-1.mesh.link-right,total-time-used
154,network.shmem-1.mesh.link-right,total-queue-delay
155,network.shmem-1.mesh.link-in,num-requests
156,network.shmem-1.mesh.link-in,num-requests-analytical
157,network.shmem-1.mesh.link-in,total-time-used
158,network.shmem-1.mesh.link-in,total-queue-delay
159,network.shmem-1.mesh.link-out,num-requests
160,network.shmem-1.mesh.link-out,num-requests-analytical
161,network.shmem-1.mesh.link-out,total-time-used
162,network.shmem-1.mesh.link-out,total-queue-delay
163,pwc_L4,access-mru-0
164,pwc_L4,access-mru-1
165,pwc_L4,access-mru-2
166,pwc_L4,access-mru-3
167,pwc_L4,data-reuse-0
168,pwc_L4,data-reuse-1
169,pwc_L4,data-reuse-2
170,pwc_L4,data-reuse-3
171,pwc_L4,data-reuse-4
172,pwc_L4,metadata-reuse-0
173,pwc_L4,metadata-reuse-1
174,pwc_L4,metadata-reuse-2
175,pwc_L4,metadata-reuse-3
176,pwc_L4,metadata-reuse-4
177,pwc_L4,tlb-reuse-0
178,pwc_L4,tlb-reuse-1
179,pwc_L4,tlb-reuse-2
180,pwc_L4,tlb-reuse-3
181,pwc_L4,tlb-reuse-4
182,pwc_L4,data-util-0
183,pwc_L4,data-util-1
184,pwc_L4,data-util-2
185,pwc_L4,data-util-3
186,pwc_L4,data-util-4
187,pwc_L4,data-util-5
188,pwc_L4,data-util-6
189,pwc_L4,data-util-7
190,pwc_L4,metadata-util-0
191,pwc_L4,metadata-util-1
192,pwc_L4,metadata-util-2
193,pwc_L4,metadata-util-3
194,pwc_L4,metadata-util-4
195,pwc_L4,metadata-util-5
196,pwc_L4,metadata-util-6
197,pwc_L4,metadata-util-7
198,pwc_L4,tlb-util-0
199,pwc_L4,tlb-util-1
200,pwc_L4,tlb-util-2
201,pwc_L4,tlb-util-3
202,pwc_L4,tlb-util-4
203,pwc_L4,tlb-util-5
204,pwc_L4,tlb-util-6
205,pwc_L4,tlb-util-7
206,pwc_L4,average_data_reuse
207,pwc_L4,average_metadata_reuse
208,pwc_L4,average_tlb_reuse
209,pwc_L4,access
210,pwc_L4,miss
211,pwc_L3,access-mru-0
212,pwc_L3,access-mru-1
213,pwc_L3,access-mru-2
214,pwc_L3,access-mru-3
215,pwc_L3,data-reuse-0
216,pwc_L3,data-reuse-1
217,pwc_L3,data-reuse-2
218,pwc_L3,data-reuse-3
219,pwc_L3,data-reuse-4
220,pwc_L3,metadata-reuse-0
221,pwc_L3,metadata-reuse-1
222,pwc_L3,metadata-reuse-2
223,pwc_L3,metadata-reuse-3
224,pwc_L3,metadata-reuse-4
225,pwc_L3,tlb-reuse-0
226,pwc_L3,tlb-reuse-1
227,pwc_L3,tlb-reuse-2
228,pwc_L3,tlb-reuse-3
229,pwc_L3,tlb-reuse-4
230,pwc_L3,data-util-0
231,pwc_L3,data-util-1
232,pwc_L3,data-util-2
233,pwc_L3,data-util-3
234,pwc_L3,data-util-4
235,pwc_L3,data-util-5
236,pwc_L3,data-util-6
237,pwc_L3,data-util-7
238,pwc_L3,metadata-util-0
239,pwc_L3,metadata-util-1
240,pwc_L3,metadata-util-2
241,pwc_L3,metadata-util-3
242,pwc_L3,metadata-util-4
243,pwc_L3,metadata-util-5
244,pwc_L3,metadata-util-6
245,pwc_L3,metadata-util-7
246,pwc_L3,tlb-util-0
247,pwc_L3,tlb-util-1
248,pwc_L3,tlb-util-2
249,pwc_L3,tlb-util-3
250,pwc_L3,tlb-util-4
251,pwc_L3,tlb-util-5
252,pwc_L3,tlb-util-6
253,pwc_L3,tlb-util-7
254,pwc_L3,average_data_reuse
255,pwc_L3,average_metadata_reuse
256,pwc_L3,average_tlb_reuse
257,pwc_L3,access
258,pwc_L3,miss
259,pwc_L2,access-mru-0
260,pwc_L2,access-mru-1
261,pwc_L2,access-mru-2
262,pwc_L2,access-mru-3
263,pwc_L2,data-reuse-0
264,pwc_L2,data-reuse-1
265,pwc_L2,data-reuse-2
266,pwc_L2,data-reuse-3
267,pwc_L2,data-reuse-4
268,pwc_L2,metadata-reuse-0
269,pwc_L2,metadata-reuse-1
270,pwc_L2,metadata-reuse-2
271,pwc_L2,metadata-reuse-3
272,pwc_L2,metadata-reuse-4
273,pwc_L2,tlb-reuse-0
274,pwc_L2,tlb-reuse-1
275,pwc_L2,tlb-reuse-2
276,pwc_L2,tlb-reuse-3
277,pwc_L2,tlb-reuse-4
278,pwc_L2,data-util-0
279,pwc_L2,data-util-1
280,pwc_L2,data-util-2
281,pwc_L2,data-util-3
282,pwc_L2,data-util-4
283,pwc_L2,data-util-5
284,pwc_L2,data-util-6
285,pwc_L2,data-util-7
286,pwc_L2,metadata-util-0
287,pwc_L2,metadata-util-1
288,pwc_L2,metadata-util-2
289,pwc_L2,metadata-util-3
290,pwc_L2,metadata-util-4
291,pwc_L2,metadata-util-5
292,pwc_L2,metadata-util-6
293,pwc_L2,metadata-util-7
294,pwc_L2,tlb-util-0
295,pwc_L2,tlb-util-1
296,pwc_L2,tlb-util-2
297,pwc_L2,tlb-util-3
298,pwc_L2,tlb-util-4
299,pwc_L2,tlb-util-5
300,pwc_L2,tlb-util-6
301,pwc_L2,tlb-util-7
302,pwc_L2,average_data_reuse
303,pwc_L2,average_metadata_reuse
304,pwc_L2,average_tlb_reuse
305,pwc_L2,access
306,pwc_L2,miss
307,radix_4level,page_faults
308,radix_4level,page_table_walks
309,radix_4level,ptw_num_cache_accesses
310,radix_4level,pf_num_cache_accesses
311,radix_4level,allocated_frames
312,radix_4level,page_size_discovery_0
313,radix_4level,page_size_discovery_1
314,TLB_L1_1_cache,access-mru-0
315,TLB_L1_1_cache,access-mru-1
316,TLB_L1_1_cache,access-mru-2
317,TLB_L1_1_cache,access-mru-3
318,TLB_L1_1_cache,data-reuse-0
319,TLB_L1_1_cache,data-reuse-1
320,TLB_L1_1_cache,data-reuse-2
321,TLB_L1_1_cache,data-reuse-3
322,TLB_L1_1_cache,data-reuse-4
323,TLB_L1_1_cache,metadata-reuse-0
324,TLB_L1_1_cache,metadata-reuse-1
325,TLB_L1_1_cache,metadata-reuse-2
326,TLB_L1_1_cache,metadata-reuse-3
327,TLB_L1_1_cache,metadata-reuse-4
328,TLB_L1_1_cache,tlb-reuse-0
329,TLB_L1_1_cache,tlb-reuse-1
330,TLB_L1_1_cache,tlb-reuse-2
331,TLB_L1_1_cache,tlb-reuse-3
332,TLB_L1_1_cache,tlb-reuse-4
333,TLB_L1_1_cache,data-util-0
334,TLB_L1_1_cache,data-util-1
335,TLB_L1_1_cache,data-util-2
336,TLB_L1_1_cache,data-util-3
337,TLB_L1_1_cache,data-util-4
338,TLB_L1_1_cache,data-util-5
339,TLB_L1_1_cache,data-util-6
340,TLB_L1_1_cache,data-util-7
341,TLB_L1_1_cache,metadata-util-0
342,TLB_L1_1_cache,metadata-util-1
343,TLB_L1_1_cache,metadata-util-2
344,TLB_L1_1_cache,metadata-util-3
345,TLB_L1_1_cache,metadata-util-4
346,TLB_L1_1_cache,metadata-util-5
347,TLB_L1_1_cache,metadata-util-6
348,TLB_L1_1_cache,metadata-util-7
349,TLB_L1_1_cache,tlb-util-0
350,TLB_L1_1_cache,tlb-util-1
351,TLB_L1_1_cache,tlb-util-2
352,TLB_L1_1_cache,tlb-util-3
353,TLB_L1_1_cache,tlb-util-4
354,TLB_L1_1_cache,tlb-util-5
355,TLB_L1_1_cache,tlb-util-6
356,TLB_L1_1_cache,tlb-util-7
357,TLB_L1_1_cache,average_data_reuse
358,TLB_L1_1_cache,average_metadata_reuse
359,TLB_L1_1_cache,average_tlb_reuse
360,TLB_L1_1,access
361,TLB_L1_1,eviction
362,TLB_L1_1,miss
363,TLB_L1_2_cache,access-mru-0
364,TLB_L1_2_cache,access-mru-1
365,TLB_L1_2_cache,access-mru-2
366,TLB_L1_2_cache,access-mru-3
367,TLB_L1_2_cache,data-reuse-0
368,TLB_L1_2_cache,data-reuse-1
369,TLB_L1_2_cache,data-reuse-2
370,TLB_L1_2_cache,data-reuse-3
371,TLB_L1_2_cache,data-reuse-4
372,TLB_L1_2_cache,metadata-reuse-0
373,TLB_L1_2_cache,metadata-reuse-1
374,TLB_L1_2_cache,metadata-reuse-2
375,TLB_L1_2_cache,metadata-reuse-3
376,TLB_L1_2_cache,metadata-reuse-4
377,TLB_L1_2_cache,tlb-reuse-0
378,TLB_L1_2_cache,tlb-reuse-1
379,TLB_L1_2_cache,tlb-reuse-2
380,TLB_L1_2_cache,tlb-reuse-3
381,TLB_L1_2_cache,tlb-reuse-4
382,TLB_L1_2_cache,data-util-0
383,TLB_L1_2_cache,data-util-1
384,TLB_L1_2_cache,data-util-2
385,TLB_L1_2_cache,data-util-3
386,TLB_L1_2_cache,data-util-4
387,TLB_L1_2_cache,data-util-5
388,TLB_L1_2_cache,data-util-6
389,TLB_L1_2_cache,data-util-7
390,TLB_L1_2_cache,metadata-util-0
391,TLB_L1_2_cache,metadata-util-1
392,TLB_L1_2_cache,metadata-util-2
393,TLB_L1_2_cache,metadata-util-3
394,TLB_L1_2_cache,metadata-util-4
395,TLB_L1_2_cache,metadata-util-5
396,TLB_L1_2_cache,metadata-util-6
397,TLB_L1_2_cache,metadata-util-7
398,TLB_L1_2_cache,tlb-util-0
399,TLB_L1_2_cache,tlb-util-1
400,TLB_L1_2_cache,tlb-util-2
401,TLB_L1_2_cache,tlb-util-3
402,TLB_L1_2_cache,tlb-util-4
403,TLB_L1_2_cache,tlb-util-5
404,TLB_L1_2_cache,tlb-util-6
405,TLB_L1_2_cache,tlb-util-7
406,TLB_L1_2_cache,average_data_reuse
407,TLB_L1_2_cache,average_metadata_reuse
408,TLB_L1_2_cache,average_tlb_reuse
409,TLB_L1_2,access
410,TLB_L1_2,eviction
411,TLB_L1_2,miss
412,TLB_L1_3_cache,access-mru-0
413,TLB_L1_3_cache,access-mru-1
414,TLB_L1_3_cache,access-mru-2
415,TLB_L1_3_cache,access-mru-3
416,TLB_L1_3_cache,data-reuse-0
417,TLB_L1_3_cache,data-reuse-1
418,TLB_L1_3_cache,data-reuse-2
419,TLB_L1_3_cache,data-reuse-3
420,TLB_L1_3_cache,data-reuse-4
421,TLB_L1_3_cache,metadata-reuse-0
422,TLB_L1_3_cache,metadata-reuse-1
423,TLB_L1_3_cache,metadata-reuse-2
424,TLB_L1_3_cache,metadata-reuse-3
425,TLB_L1_3_cache,metadata-reuse-4
426,TLB_L1_3_cache,tlb-reuse-0
427,TLB_L1_3_cache,tlb-reuse-1
428,TLB_L1_3_cache,tlb-reuse-2
429,TLB_L1_3_cache,tlb-reuse-3
430,TLB_L1_3_cache,tlb-reuse-4
431,TLB_L1_3_cache,data-util-0
432,TLB_L1_3_cache,data-util-1
433,TLB_L1_3_cache,data-util-2
434,TLB_L1_3_cache,data-util-3
435,TLB_L1_3_cache,data-util-4
436,TLB_L1_3_cache,data-util-5
437,TLB_L1_3_cache,data-util-6
438,TLB_L1_3_cache,data-util-7
439,TLB_L1_3_cache,metadata-util-0
440,TLB_L1_3_cache,metadata-util-1
441,TLB_L1_3_cache,metadata-util-2
442,TLB_L1_3_cache,metadata-util-3
443,TLB_L1_3_cache,metadata-util-4
444,TLB_L1_3_cache,metadata-util-5
445,TLB_L1_3_cache,metadata-util-6
446,TLB_L1_3_cache,metadata-util-7
447,TLB_L1_3_cache,tlb-util-0
448,TLB_L1_3_cache,tlb-util-1
449,TLB_L1_3_cache,tlb-util-2
450,TLB_L1_3_cache,tlb-util-3
451,TLB_L1_3_cache,tlb-util-4
452,TLB_L1_3_cache,tlb-util-5
453,TLB_L1_3_cache,tlb-util-6
454,TLB_L1_3_cache,tlb-util-7
455,TLB_L1_3_cache,average_data_reuse
456,TLB_L1_3_cache,average_metadata_reuse
457,TLB_L1_3_cache,average_tlb_reuse
458,TLB_L1_3,access
459,TLB_L1_3,eviction
460,TLB_L1_3,miss
461,TLB_L2_1_cache,access-mru-0
462,TLB_L2_1_cache,access-mru-1
463,TLB_L2_1_cache,access-mru-2
464,TLB_L2_1_cache,access-mru-3
465,TLB_L2_1_cache,access-mru-4
466,TLB_L2_1_cache,access-mru-5
467,TLB_L2_1_cache,access-mru-6
468,TLB_L2_1_cache,access-mru-7
469,TLB_L2_1_cache,data-reuse-0
470,TLB_L2_1_cache,data-reuse-1
471,TLB_L2_1_cache,data-reuse-2
472,TLB_L2_1_cache,data-reuse-3
473,TLB_L2_1_cache,data-reuse-4
474,TLB_L2_1_cache,metadata-reuse-0
475,TLB_L2_1_cache,metadata-reuse-1
476,TLB_L2_1_cache,metadata-reuse-2
477,TLB_L2_1_cache,metadata-reuse-3
478,TLB_L2_1_cache,metadata-reuse-4
479,TLB_L2_1_cache,tlb-reuse-0
480,TLB_L2_1_cache,tlb-reuse-1
481,TLB_L2_1_cache,tlb-reuse-2
482,TLB_L2_1_cache,tlb-reuse-3
483,TLB_L2_1_cache,tlb-reuse-4
484,TLB_L2_1_cache,data-util-0
485,TLB_L2_1_cache,data-util-1
486,TLB_L2_1_cache,data-util-2
487,TLB_L2_1_cache,data-util-3
488,TLB_L2_1_cache,data-util-4
489,TLB_L2_1_cache,data-util-5
490,TLB_L2_1_cache,data-util-6
491,TLB_L2_1_cache,data-util-7
492,TLB_L2_1_cache,metadata-util-0
493,TLB_L2_1_cache,metadata-util-1
494,TLB_L2_1_cache,metadata-util-2
495,TLB_L2_1_cache,metadata-util-3
496,TLB_L2_1_cache,metadata-util-4
497,TLB_L2_1_cache,metadata-util-5
498,TLB_L2_1_cache,metadata-util-6
499,TLB_L2_1_cache,metadata-util-7
500,TLB_L2_1_cache,tlb-util-0
501,TLB_L2_1_cache,tlb-util-1
502,TLB_L2_1_cache,tlb-util-2
503,TLB_L2_1_cache,tlb-util-3
504,TLB_L2_1_cache,tlb-util-4
505,TLB_L2_1_cache,tlb-util-5
506,TLB_L2_1_cache,tlb-util-6
507,TLB_L2_1_cache,tlb-util-7
508,TLB_L2_1_cache,average_data_reuse
509,TLB_L2_1_cache,average_metadata_reuse
510,TLB_L2_1_cache,average_tlb_reuse
511,TLB_L2_1,access
512,TLB_L2_1,eviction
513,TLB_L2_1,miss
514,sfcache,access-mru-0
515,sfcache,access-mru-1
516,sfcache,access-mru-2
517,sfcache,access-mru-3
518,sfcache,data-reuse-0
519,sfcache,data-reuse-1
520,sfcache,data-reuse-2
521,sfcache,data-reuse-3
522,sfcache,data-reuse-4
523,sfcache,metadata-reuse-0
524,sfcache,metadata-reuse-1
525,sfcache,metadata-reuse-2
526,sfcache,metadata-reuse-3
527,sfcache,metadata-reuse-4
528,sfcache,tlb-reuse-0
529,sfcache,tlb-reuse-1
530,sfcache,tlb-reuse-2
531,sfcache,tlb-reuse-3
532,sfcache,tlb-reuse-4
533,sfcache,data-util-0
534,sfcache,data-util-1
535,sfcache,data-util-2
536,sfcache,data-util-3
537,sfcache,data-util-4
538,sfcache,data-util-5
539,sfcache,data-util-6
540,sfcache,data-util-7
541,sfcache,metadata-util-0
542,sfcache,metadata-util-1
543,sfcache,metadata-util-2
544,sfcache,metadata-util-3
545,sfcache,metadata-util-4
546,sfcache,metadata-util-5
547,sfcache,metadata-util-6
548,sfcache,metadata-util-7
549,sfcache,tlb-util-0
550,sfcache,tlb-util-1
551,sfcache,tlb-util-2
552,sfcache,tlb-util-3
553,sfcache,tlb-util-4
554,sfcache,tlb-util-5
555,sfcache,tlb-util-6
556,sfcache,tlb-util-7
557,sfcache,average_data_reuse
558,sfcache,average_metadata_reuse
559,sfcache,average_tlb_reuse
560,sfcache,access
561,sfcache,miss
562,tarcache,access-mru-0
563,tarcache,access-mru-1
564,tarcache,access-mru-2
565,tarcache,access-mru-3
566,tarcache,data-reuse-0
567,tarcache,data-reuse-1
568,tarcache,data-reuse-2
569,tarcache,data-reuse-3
570,tarcache,data-reuse-4
571,tarcache,metadata-reuse-0
572,tarcache,metadata-reuse-1
573,tarcache,metadata-reuse-2
574,tarcache,metadata-reuse-3
575,tarcache,metadata-reuse-4
576,tarcache,tlb-reuse-0
577,tarcache,tlb-reuse-1
578,tarcache,tlb-reuse-2
579,tarcache,tlb-reuse-3
580,tarcache,tlb-reuse-4
581,tarcache,data-util-0
582,tarcache,data-util-1
583,tarcache,data-util-2
584,tarcache,data-util-3
585,tarcache,data-util-4
586,tarcache,data-util-5
587,tarcache,data-util-6
588,tarcache,data-util-7
589,tarcache,metadata-util-0
590,tarcache,metadata-util-1
591,tarcache,metadata-util-2
592,tarcache,metadata-util-3
593,tarcache,metadata-util-4
594,tarcache,metadata-util-5
595,tarcache,metadata-util-6
596,tarcache,metadata-util-7
597,tarcache,tlb-util-0
598,tarcache,tlb-util-1
599,tarcache,tlb-util-2
600,tarcache,tlb-util-3
601,tarcache,tlb-util-4
602,tarcache,tlb-util-5
603,tarcache,tlb-util-6
604,tarcache,tlb-util-7
605,tarcache,average_data_reuse
606,tarcache,average_metadata_reuse
607,tarcache,average_tlb_reuse
608,tarcache,access
609,tarcache,miss
610,mmu,page_faults
611,mmu,total_table_walk_latency
612,mmu,total_tlb_latency
613,mmu,total_translation_latency
614,mmu,flextorest_migrations
615,mmu,total_rsw_latency
616,mmu,data_in_restseg
617,mmu,tlb_hierarchy_misses
618,mmu,total_rsw_requests
619,mmu,requests_affected_by_migration
620,mmu,migration_stall_cycles
621,mmu,tlb_latency_0
622,mmu,tlb_latency_1
623,mmu,cache_timeseries
624,dram,total-access-latency
625,dram-rank-0,num-requests
626,dram-rank-0,num-requests-analytical
627,dram-rank-0,total-time-used
628,dram-rank-0,total-queue-delay
629,dram-rank-1,num-requests
630,dram-rank-1,num-requests-analytical
631,dram-rank-1,total-time-used
632,dram-rank-1,total-queue-delay
633,dram-rank-2,num-requests
634,dram-rank-2,num-requests-analytical
635,dram-rank-2,total-time-used
636,dram-rank-2,total-queue-delay
637,dram-rank-3,num-requests
638,dram-rank-3,num-requests-analytical
639,dram-rank-3,total-time-used
640,dram-rank-3,total-queue-delay
641,dram-rank-4,num-requests
642,dram-rank-4,num-requests-analytical
643,dram-rank-4,total-time-used
644,dram-rank-4,total-queue-delay
645,dram-rank-5,num-requests
646,dram-rank-5,num-requests-analytical
647,dram-rank-5,total-time-used
648,dram-rank-5,total-queue-delay
649,dram-bank-group-0,num-requests
650,dram-bank-group-0,num-requests-analytical
651,dram-bank-group-0,total-time-used
652,dram-bank-group-0,total-queue-delay
653,dram-bank-group-1,num-requests
654,dram-bank-group-1,num-requests-analytical
655,dram-bank-group-1,total-time-used
656,dram-bank-group-1,total-queue-delay
657,dram-bank-group-2,num-requests
658,dram-bank-group-2,num-requests-analytical
659,dram-bank-group-2,total-time-used
660,dram-bank-group-2,total-queue-delay
661,dram-bank-group-3,num-requests
662,dram-bank-group-3,num-requests-analytical
663,dram-bank-group-3,total-time-used
664,dram-bank-group-3,total-queue-delay
665,dram-bank-group-4,num-requests
666,dram-bank-group-4,num-requests-analytical
667,dram-bank-group-4,total-time-used
668,dram-bank-group-4,total-queue-delay
669,dram-bank-group-5,num-requests
670,dram-bank-group-5,num-requests-analytical
671,dram-bank-group-5,total-time-used
672,dram-bank-group-5,total-queue-delay
673,dram-bank-group-6,num-requests
674,dram-bank-group-6,num-requests-analytical
675,dram-bank-group-6,total-time-used
676,dram-bank-group-6,total-queue-delay
677,dram-bank-group-7,num-requests
678,dram-bank-group-7,num-requests-analytical
679,dram-bank-group-7,total-time-used
680,dram-bank-group-7,total-queue-delay
681,dram-bank-group-8,num-requests
682,dram-bank-group-8,num-requests-analytical
683,dram-bank-group-8,total-time-used
684,dram-bank-group-8,total-queue-delay
685,dram-bank-group-9,num-requests
686,dram-bank-group-9,num-requests-analytical
687,dram-bank-group-9,total-time-used
688,dram-bank-group-9,total-queue-delay
689,dram-bank-group-10,num-requests
690,dram-bank-group-10,num-requests-analytical
691,dram-bank-group-10,total-time-used
692,dram-bank-group-10,total-queue-delay
693,dram-bank-group-11,num-requests
694,dram-bank-group-11,num-requests-analytical
695,dram-bank-group-11,total-time-used
696,dram-bank-group-11,total-queue-delay
697,dram-bank-group-12,num-requests
698,dram-bank-group-12,num-requests-analytical
699,dram-bank-group-12,total-time-used
700,dram-bank-group-12,total-queue-delay
701,dram-bank-group-13,num-requests
702,dram-bank-group-13,num-requests-analytical
703,dram-bank-group-13,total-time-used
704,dram-bank-group-13,total-queue-delay
705,dram-bank-group-14,num-requests
706,dram-bank-group-14,num-requests-analytical
707,dram-bank-group-14,total-time-used
708,dram-bank-group-14,total-queue-delay
709,dram-bank-group-15,num-requests
710,dram-bank-group-15,num-requests-analytical
711,dram-bank-group-15,total-time-used
712,dram-bank-group-15,total-queue-delay
713,dram-bank-group-16,num-requests
714,dram-bank-group-16,num-requests-analytical
715,dram-bank-group-16,total-time-used
716,dram-bank-group-16,total-queue-delay
717,dram-bank-group-17,num-requests
718,dram-bank-group-17,num-requests-analytical
719,dram-bank-group-17,total-time-used
720,dram-bank-group-17,total-queue-delay
721,dram-bank-group-18,num-requests
722,dram-bank-group-18,num-requests-analytical
723,dram-bank-group-18,total-time-used
724,dram-bank-group-18,total-queue-delay
725,dram-bank-group-19,num-requests
726,dram-bank-group-19,num-requests-analytical
727,dram-bank-group-19,total-time-used
728,dram-bank-group-19,total-queue-delay
729,dram-bank-group-20,num-requests
730,dram-bank-group-20,num-requests-analytical
731,dram-bank-group-20,total-time-used
732,dram-bank-group-20,total-queue-delay
733,dram-bank-group-21,num-requests
734,dram-bank-group-21,num-requests-analytical
735,dram-bank-group-21,total-time-used
736,dram-bank-group-21,total-queue-delay
737,dram-bank-group-22,num-requests
738,dram-bank-group-22,num-requests-analytical
739,dram-bank-group-22,total-time-used
740,dram-bank-group-22,total-queue-delay
741,dram-bank-group-23,num-requests
742,dram-bank-group-23,num-requests-analytical
743,dram-bank-group-23,total-time-used
744,dram-bank-group-23,total-queue-delay
745,ddr,page-hits
746,ddr,page-empty
747,ddr,page-closing
748,ddr,page-miss
749,ddr,page-conflict-data-to-metadata
750,ddr,page-conflict-metadata-to-data
751,ddr,page-conflict-metadata-to-metadata
752,ddr,page-conflict-data-to-data
753,dram,data-moves
754,dram,page-prefetches
755,dram,inflight-hits
756,dram,writeback-pages
757,dram,local-evictions
758,dram,extra-traffic
759,dram,redundant-moves
760,dram,max-bufferspace
761,dram,reads
762,dram,writes
763,nuca-cache,access-mru-0
764,nuca-cache,access-mru-1
765,nuca-cache,access-mru-2
766,nuca-cache,access-mru-3
767,nuca-cache,access-mru-4
768,nuca-cache,access-mru-5
769,nuca-cache,access-mru-6
770,nuca-cache,access-mru-7
771,nuca-cache,access-mru-8
772,nuca-cache,access-mru-9
773,nuca-cache,access-mru-10
774,nuca-cache,data-reuse-0
775,nuca-cache,data-reuse-1
776,nuca-cache,data-reuse-2
777,nuca-cache,data-reuse-3
778,nuca-cache,data-reuse-4
779,nuca-cache,metadata-reuse-0
780,nuca-cache,metadata-reuse-1
781,nuca-cache,metadata-reuse-2
782,nuca-cache,metadata-reuse-3
783,nuca-cache,metadata-reuse-4
784,nuca-cache,tlb-reuse-0
785,nuca-cache,tlb-reuse-1
786,nuca-cache,tlb-reuse-2
787,nuca-cache,tlb-reuse-3
788,nuca-cache,tlb-reuse-4
789,nuca-cache,data-util-0
790,nuca-cache,data-util-1
791,nuca-cache,data-util-2
792,nuca-cache,data-util-3
793,nuca-cache,data-util-4
794,nuca-cache,data-util-5
795,nuca-cache,data-util-6
796,nuca-cache,data-util-7
797,nuca-cache,metadata-util-0
798,nuca-cache,metadata-util-1
799,nuca-cache,metadata-util-2
800,nuca-cache,metadata-util-3
801,nuca-cache,metadata-util-4
802,nuca-cache,metadata-util-5
803,nuca-cache,metadata-util-6
804,nuca-cache,metadata-util-7
805,nuca-cache,tlb-util-0
806,nuca-cache,tlb-util-1
807,nuca-cache,tlb-util-2
808,nuca-cache,tlb-util-3
809,nuca-cache,tlb-util-4
810,nuca-cache,tlb-util-5
811,nuca-cache,tlb-util-6
812,nuca-cache,tlb-util-7
813,nuca-cache,average_data_reuse
814,nuca-cache,average_metadata_reuse
815,nuca-cache,average_tlb_reuse
816,nuca-cache-queue,num-requests
817,nuca-cache-queue,num-requests-analytical
818,nuca-cache-queue,total-time-used
819,nuca-cache-queue,total-queue-delay
820,nuca-cache,reads
821,nuca-cache,writes
822,nuca-cache,read-misses
823,nuca-cache,write-misses
824,nuca-cache,reads-metadata
825,nuca-cache,writes-metadata
826,nuca-cache,read-misses-metadata
827,nuca-cache,write-misses-metadata
828,directory,entries-allocated
829,directory,evict-S
830,directory,evict-O
831,directory,evict-M
832,directory,evict-E
833,directory,forward
834,directory,forward-failed
835,L1-I.next_read,num-requests
836,L1-I.next_read,num-barriers
837,L1-I.next_read,requests-out-of-order
838,L1-I.next_read,requests-simultaneous
839,L1-I.next_read,no-free-slots
840,L1-I.next_read,total-delay
841,L1-I.next_read,total-barrier-delay
842,L1-I,access-mru-0
843,L1-I,access-mru-1
844,L1-I,access-mru-2
845,L1-I,access-mru-3
846,L1-I,access-mru-4
847,L1-I,access-mru-5
848,L1-I,access-mru-6
849,L1-I,access-mru-7
850,L1-I,data-reuse-0
851,L1-I,data-reuse-1
852,L1-I,data-reuse-2
853,L1-I,data-reuse-3
854,L1-I,data-reuse-4
855,L1-I,metadata-reuse-0
856,L1-I,metadata-reuse-1
857,L1-I,metadata-reuse-2
858,L1-I,metadata-reuse-3
859,L1-I,metadata-reuse-4
860,L1-I,tlb-reuse-0
861,L1-I,tlb-reuse-1
862,L1-I,tlb-reuse-2
863,L1-I,tlb-reuse-3
864,L1-I,tlb-reuse-4
865,L1-I,data-util-0
866,L1-I,data-util-1
867,L1-I,data-util-2
868,L1-I,data-util-3
869,L1-I,data-util-4
870,L1-I,data-util-5
871,L1-I,data-util-6
872,L1-I,data-util-7
873,L1-I,metadata-util-0
874,L1-I,metadata-util-1
875,L1-I,metadata-util-2
876,L1-I,metadata-util-3
877,L1-I,metadata-util-4
878,L1-I,metadata-util-5
879,L1-I,metadata-util-6
880,L1-I,metadata-util-7
881,L1-I,tlb-util-0
882,L1-I,tlb-util-1
883,L1-I,tlb-util-2
884,L1-I,tlb-util-3
885,L1-I,tlb-util-4
886,L1-I,tlb-util-5
887,L1-I,tlb-util-6
888,L1-I,tlb-util-7
889,L1-I,average_data_reuse
890,L1-I,average_metadata_reuse
891,L1-I,average_tlb_reuse
892,L1-I,tloads
893,L1-I,tstores
894,L1-I,tload-misses
895,L1-I,tstore-misses
896,L1-I,loads-page_table
897,L1-I,stores-page_table
898,L1-I,load-misses-page_table
899,L1-I,store-misses-page_table
900,L1-I,load-overlapping-misses-page_table
901,L1-I,store-overlapping-misses-page_table
902,L1-I,loads-prefetch-page_table
903,L1-I,stores-prefetch-page_table
904,L1-I,loads-page_table_passthrough
905,L1-I,stores-page_table_passthrough
906,L1-I,load-misses-page_table_passthrough
907,L1-I,store-misses-page_table_passthrough
908,L1-I,load-overlapping-misses-page_table_passthrough
909,L1-I,store-overlapping-misses-page_table_passthrough
910,L1-I,loads-prefetch-page_table_passthrough
911,L1-I,stores-prefetch-page_table_passthrough
912,L1-I,loads-??
913,L1-I,stores-??
914,L1-I,load-misses-??
915,L1-I,store-misses-??
916,L1-I,load-overlapping-misses-??
917,L1-I,store-overlapping-misses-??
918,L1-I,loads-prefetch-??
919,L1-I,stores-prefetch-??
920,L1-I,loads-utopia
921,L1-I,stores-utopia
922,L1-I,load-misses-utopia
923,L1-I,store-misses-utopia
924,L1-I,load-overlapping-misses-utopia
925,L1-I,store-overlapping-misses-utopia
926,L1-I,loads-prefetch-utopia
927,L1-I,stores-prefetch-utopia
928,L1-I,loads-security
929,L1-I,stores-security
930,L1-I,load-misses-security
931,L1-I,store-misses-security
932,L1-I,load-overlapping-misses-security
933,L1-I,store-overlapping-misses-security
934,L1-I,loads-prefetch-security
935,L1-I,stores-prefetch-security
936,L1-I,loads-expressive
937,L1-I,stores-expressive
938,L1-I,load-misses-expressive
939,L1-I,store-misses-expressive
940,L1-I,load-overlapping-misses-expressive
941,L1-I,store-overlapping-misses-expressive
942,L1-I,loads-prefetch-expressive
943,L1-I,stores-prefetch-expressive
944,L1-I,loads-tlb_entry
945,L1-I,stores-tlb_entry
946,L1-I,load-misses-tlb_entry
947,L1-I,store-misses-tlb_entry
948,L1-I,load-overlapping-misses-tlb_entry
949,L1-I,store-overlapping-misses-tlb_entry
950,L1-I,loads-prefetch-tlb_entry
951,L1-I,stores-prefetch-tlb_entry
952,L1-I,loads-tlb_entry_passthrough
953,L1-I,stores-tlb_entry_passthrough
954,L1-I,load-misses-tlb_entry_passthrough
955,L1-I,store-misses-tlb_entry_passthrough
956,L1-I,load-overlapping-misses-tlb_entry_passthrough
957,L1-I,store-overlapping-misses-tlb_entry_passthrough
958,L1-I,loads-prefetch-tlb_entry_passthrough
959,L1-I,stores-prefetch-tlb_entry_passthrough
960,L1-I,loads-non_page_table
961,L1-I,stores-non_page_table
962,L1-I,load-misses-non_page_table
963,L1-I,store-misses-non_page_table
964,L1-I,load-overlapping-misses-non_page_table
965,L1-I,store-overlapping-misses-non_page_table
966,L1-I,loads-prefetch-non_page_table
967,L1-I,stores-prefetch-non_page_table
968,L1-I,hits-prefetch
969,L1-I,evict-prefetch
970,L1-I,invalidate-prefetch
971,L1-I,hits-warmup
972,L1-I,evict-warmup
973,L1-I,invalidate-warmup
974,L1-I,total-latency
975,L1-I,snoop-latency
976,L1-I,qbs-query-latency
977,L1-I,mshr-latency
978,L1-I,metadata-mshr-latency
979,L1-I,prefetches
980,L1-I,loads-I-page_table
981,L1-I,stores-I-page_table
982,L1-I,load-misses-I-page_table
983,L1-I,store-misses-I-page_table
984,L1-I,loads-I-page_table_passthrough
985,L1-I,stores-I-page_table_passthrough
986,L1-I,load-misses-I-page_table_passthrough
987,L1-I,store-misses-I-page_table_passthrough
988,L1-I,loads-I-??
989,L1-I,stores-I-??
990,L1-I,load-misses-I-??
991,L1-I,store-misses-I-??
992,L1-I,loads-I-utopia
993,L1-I,stores-I-utopia
994,L1-I,load-misses-I-utopia
995,L1-I,store-misses-I-utopia
996,L1-I,loads-I-security
997,L1-I,stores-I-security
998,L1-I,load-misses-I-security
999,L1-I,store-misses-I-security
1000,L1-I,loads-I-expressive
1001,L1-I,stores-I-expressive
1002,L1-I,load-misses-I-expressive
1003,L1-I,store-misses-I-expressive
1004,L1-I,loads-I-tlb_entry
1005,L1-I,stores-I-tlb_entry
1006,L1-I,load-misses-I-tlb_entry
1007,L1-I,store-misses-I-tlb_entry
1008,L1-I,loads-I-tlb_entry_passthrough
1009,L1-I,stores-I-tlb_entry_passthrough
1010,L1-I,load-misses-I-tlb_entry_passthrough
1011,L1-I,store-misses-I-tlb_entry_passthrough
1012,L1-I,loads-I-non_page_table
1013,L1-I,stores-I-non_page_table
1014,L1-I,load-misses-I-non_page_table
1015,L1-I,store-misses-I-non_page_table
1016,L1-I,evict-I
1017,L1-I,backinval-I
1018,L1-I,loads-S-page_table
1019,L1-I,stores-S-page_table
1020,L1-I,load-misses-S-page_table
1021,L1-I,store-misses-S-page_table
1022,L1-I,loads-S-page_table_passthrough
1023,L1-I,stores-S-page_table_passthrough
1024,L1-I,load-misses-S-page_table_passthrough
1025,L1-I,store-misses-S-page_table_passthrough
1026,L1-I,loads-S-??
1027,L1-I,stores-S-??
1028,L1-I,load-misses-S-??
1029,L1-I,store-misses-S-??
1030,L1-I,loads-S-utopia
1031,L1-I,stores-S-utopia
1032,L1-I,load-misses-S-utopia
1033,L1-I,store-misses-S-utopia
1034,L1-I,loads-S-security
1035,L1-I,stores-S-security
1036,L1-I,load-misses-S-security
1037,L1-I,store-misses-S-security
1038,L1-I,loads-S-expressive
1039,L1-I,stores-S-expressive
1040,L1-I,load-misses-S-expressive
1041,L1-I,store-misses-S-expressive
1042,L1-I,loads-S-tlb_entry
1043,L1-I,stores-S-tlb_entry
1044,L1-I,load-misses-S-tlb_entry
1045,L1-I,store-misses-S-tlb_entry
1046,L1-I,loads-S-tlb_entry_passthrough
1047,L1-I,stores-S-tlb_entry_passthrough
1048,L1-I,load-misses-S-tlb_entry_passthrough
1049,L1-I,store-misses-S-tlb_entry_passthrough
1050,L1-I,loads-S-non_page_table
1051,L1-I,stores-S-non_page_table
1052,L1-I,load-misses-S-non_page_table
1053,L1-I,store-misses-S-non_page_table
1054,L1-I,evict-S
1055,L1-I,backinval-S
1056,L1-I,loads-u-page_table
1057,L1-I,stores-u-page_table
1058,L1-I,load-misses-u-page_table
1059,L1-I,store-misses-u-page_table
1060,L1-I,loads-u-page_table_passthrough
1061,L1-I,stores-u-page_table_passthrough
1062,L1-I,load-misses-u-page_table_passthrough
1063,L1-I,store-misses-u-page_table_passthrough
1064,L1-I,loads-u-??
1065,L1-I,stores-u-??
1066,L1-I,load-misses-u-??
1067,L1-I,store-misses-u-??
1068,L1-I,loads-u-utopia
1069,L1-I,stores-u-utopia
1070,L1-I,load-misses-u-utopia
1071,L1-I,store-misses-u-utopia
1072,L1-I,loads-u-security
1073,L1-I,stores-u-security
1074,L1-I,load-misses-u-security
1075,L1-I,store-misses-u-security
1076,L1-I,loads-u-expressive
1077,L1-I,stores-u-expressive
1078,L1-I,load-misses-u-expressive
1079,L1-I,store-misses-u-expressive
1080,L1-I,loads-u-tlb_entry
1081,L1-I,stores-u-tlb_entry
1082,L1-I,load-misses-u-tlb_entry
1083,L1-I,store-misses-u-tlb_entry
1084,L1-I,loads-u-tlb_entry_passthrough
1085,L1-I,stores-u-tlb_entry_passthrough
1086,L1-I,load-misses-u-tlb_entry_passthrough
1087,L1-I,store-misses-u-tlb_entry_passthrough
1088,L1-I,loads-u-non_page_table
1089,L1-I,stores-u-non_page_table
1090,L1-I,load-misses-u-non_page_table
1091,L1-I,store-misses-u-non_page_table
1092,L1-I,evict-u
1093,L1-I,backinval-u
1094,L1-I,loads-E-page_table
1095,L1-I,stores-E-page_table
1096,L1-I,load-misses-E-page_table
1097,L1-I,store-misses-E-page_table
1098,L1-I,loads-E-page_table_passthrough
1099,L1-I,stores-E-page_table_passthrough
1100,L1-I,load-misses-E-page_table_passthrough
1101,L1-I,store-misses-E-page_table_passthrough
1102,L1-I,loads-E-??
1103,L1-I,stores-E-??
1104,L1-I,load-misses-E-??
1105,L1-I,store-misses-E-??
1106,L1-I,loads-E-utopia
1107,L1-I,stores-E-utopia
1108,L1-I,load-misses-E-utopia
1109,L1-I,store-misses-E-utopia
1110,L1-I,loads-E-security
1111,L1-I,stores-E-security
1112,L1-I,load-misses-E-security
1113,L1-I,store-misses-E-security
1114,L1-I,loads-E-expressive
1115,L1-I,stores-E-expressive
1116,L1-I,load-misses-E-expressive
1117,L1-I,store-misses-E-expressive
1118,L1-I,loads-E-tlb_entry
1119,L1-I,stores-E-tlb_entry
1120,L1-I,load-misses-E-tlb_entry
1121,L1-I,store-misses-E-tlb_entry
1122,L1-I,loads-E-tlb_entry_passthrough
1123,L1-I,stores-E-tlb_entry_passthrough
1124,L1-I,load-misses-E-tlb_entry_passthrough
1125,L1-I,store-misses-E-tlb_entry_passthrough
1126,L1-I,loads-E-non_page_table
1127,L1-I,stores-E-non_page_table
1128,L1-I,load-misses-E-non_page_table
1129,L1-I,store-misses-E-non_page_table
1130,L1-I,evict-E
1131,L1-I,backinval-E
1132,L1-I,loads-O-page_table
1133,L1-I,stores-O-page_table
1134,L1-I,load-misses-O-page_table
1135,L1-I,store-misses-O-page_table
1136,L1-I,loads-O-page_table_passthrough
1137,L1-I,stores-O-page_table_passthrough
1138,L1-I,load-misses-O-page_table_passthrough
1139,L1-I,store-misses-O-page_table_passthrough
1140,L1-I,loads-O-??
1141,L1-I,stores-O-??
1142,L1-I,load-misses-O-??
1143,L1-I,store-misses-O-??
1144,L1-I,loads-O-utopia
1145,L1-I,stores-O-utopia
1146,L1-I,load-misses-O-utopia
1147,L1-I,store-misses-O-utopia
1148,L1-I,loads-O-security
1149,L1-I,stores-O-security
1150,L1-I,load-misses-O-security
1151,L1-I,store-misses-O-security
1152,L1-I,loads-O-expressive
1153,L1-I,stores-O-expressive
1154,L1-I,load-misses-O-expressive
1155,L1-I,store-misses-O-expressive
1156,L1-I,loads-O-tlb_entry
1157,L1-I,stores-O-tlb_entry
1158,L1-I,load-misses-O-tlb_entry
1159,L1-I,store-misses-O-tlb_entry
1160,L1-I,loads-O-tlb_entry_passthrough
1161,L1-I,stores-O-tlb_entry_passthrough
1162,L1-I,load-misses-O-tlb_entry_passthrough
1163,L1-I,store-misses-O-tlb_entry_passthrough
1164,L1-I,loads-O-non_page_table
1165,L1-I,stores-O-non_page_table
1166,L1-I,load-misses-O-non_page_table
1167,L1-I,store-misses-O-non_page_table
1168,L1-I,evict-O
1169,L1-I,backinval-O
1170,L1-I,loads-M-page_table
1171,L1-I,stores-M-page_table
1172,L1-I,load-misses-M-page_table
1173,L1-I,store-misses-M-page_table
1174,L1-I,loads-M-page_table_passthrough
1175,L1-I,stores-M-page_table_passthrough
1176,L1-I,load-misses-M-page_table_passthrough
1177,L1-I,store-misses-M-page_table_passthrough
1178,L1-I,loads-M-??
1179,L1-I,stores-M-??
1180,L1-I,load-misses-M-??
1181,L1-I,store-misses-M-??
1182,L1-I,loads-M-utopia
1183,L1-I,stores-M-utopia
1184,L1-I,load-misses-M-utopia
1185,L1-I,store-misses-M-utopia
1186,L1-I,loads-M-security
1187,L1-I,stores-M-security
1188,L1-I,load-misses-M-security
1189,L1-I,store-misses-M-security
1190,L1-I,loads-M-expressive
1191,L1-I,stores-M-expressive
1192,L1-I,load-misses-M-expressive
1193,L1-I,store-misses-M-expressive
1194,L1-I,loads-M-tlb_entry
1195,L1-I,stores-M-tlb_entry
1196,L1-I,load-misses-M-tlb_entry
1197,L1-I,store-misses-M-tlb_entry
1198,L1-I,loads-M-tlb_entry_passthrough
1199,L1-I,stores-M-tlb_entry_passthrough
1200,L1-I,load-misses-M-tlb_entry_passthrough
1201,L1-I,store-misses-M-tlb_entry_passthrough
1202,L1-I,loads-M-non_page_table
1203,L1-I,stores-M-non_page_table
1204,L1-I,load-misses-M-non_page_table
1205,L1-I,store-misses-M-non_page_table
1206,L1-I,evict-M
1207,L1-I,backinval-M
1208,L1-I,loads-where-L1I
1209,L1-I,loads-where-page-table-L1I
1210,L1-I,loads-where-utopiaL1I
1211,L1-I,stores-where-L1I
1212,L1-I,loads-where-L1
1213,L1-I,loads-where-page-table-L1
1214,L1-I,loads-where-utopiaL1
1215,L1-I,stores-where-L1
1216,L1-I,loads-where-L2
1217,L1-I,loads-where-page-table-L2
1218,L1-I,loads-where-utopiaL2
1219,L1-I,stores-where-L2
1220,L1-I,loads-where-L3
1221,L1-I,loads-where-page-table-L3
1222,L1-I,loads-where-utopiaL3
1223,L1-I,stores-where-L3
1224,L1-I,loads-where-L4
1225,L1-I,loads-where-page-table-L4
1226,L1-I,loads-where-utopiaL4
1227,L1-I,stores-where-L4
1228,L1-I,loads-where-miss
1229,L1-I,loads-where-page-table-miss
1230,L1-I,loads-where-utopiamiss
1231,L1-I,stores-where-miss
1232,L1-I,loads-where-nuca-cache
1233,L1-I,loads-where-page-table-nuca-cache
1234,L1-I,loads-where-utopianuca-cache
1235,L1-I,stores-where-nuca-cache
1236,L1-I,loads-where-dram-cache
1237,L1-I,loads-where-page-table-dram-cache
1238,L1-I,loads-where-utopiadram-cache
1239,L1-I,stores-where-dram-cache
1240,L1-I,loads-where-dram
1241,L1-I,loads-where-page-table-dram
1242,L1-I,loads-where-utopiadram
1243,L1-I,stores-where-dram
1244,L1-I,loads-where-dram-local
1245,L1-I,loads-where-page-table-dram-local
1246,L1-I,loads-where-utopiadram-local
1247,L1-I,stores-where-dram-local
1248,L1-I,loads-where-dram-remote
1249,L1-I,loads-where-page-table-dram-remote
1250,L1-I,loads-where-utopiadram-remote
1251,L1-I,stores-where-dram-remote
1252,L1-I,loads-where-cache-remote
1253,L1-I,loads-where-page-table-cache-remote
1254,L1-I,loads-where-utopiacache-remote
1255,L1-I,stores-where-cache-remote
1256,L1-I,loads-where-L1_S
1257,L1-I,loads-where-page-table-L1_S
1258,L1-I,loads-where-utopiaL1_S
1259,L1-I,stores-where-L1_S
1260,L1-I,loads-where-L2_S
1261,L1-I,loads-where-page-table-L2_S
1262,L1-I,loads-where-utopiaL2_S
1263,L1-I,stores-where-L2_S
1264,L1-I,loads-where-L3_S
1265,L1-I,loads-where-page-table-L3_S
1266,L1-I,loads-where-utopiaL3_S
1267,L1-I,stores-where-L3_S
1268,L1-I,loads-where-L4_S
1269,L1-I,loads-where-page-table-L4_S
1270,L1-I,loads-where-utopiaL4_S
1271,L1-I,stores-where-L4_S
1272,L1-I,loads-where-unknown
1273,L1-I,loads-where-page-table-unknown
1274,L1-I,loads-where-utopiaunknown
1275,L1-I,stores-where-unknown
1276,L1-I,loads-where-predicate-false
1277,L1-I,loads-where-page-table-predicate-false
1278,L1-I,loads-where-utopiapredicate-false
1279,L1-I,stores-where-predicate-false
1280,L1-I,loads-where-prefetch-no-mapping
1281,L1-I,loads-where-page-table-prefetch-no-mapping
1282,L1-I,loads-where-utopiaprefetch-no-mapping
1283,L1-I,stores-where-prefetch-no-mapping
1284,L1-I,loads-where-shadow_cache
1285,L1-I,loads-where-page-table-shadow_cache
1286,L1-I,loads-where-utopiashadow_cache
1287,L1-I,stores-where-shadow_cache
1288,L1-I,coherency-downgrades
1289,L1-I,coherency-upgrades
1290,L1-I,coherency-writebacks
1291,L1-I,coherency-invalidates
1292,L1-D.mshr,num-requests
1293,L1-D.mshr,num-barriers
1294,L1-D.mshr,requests-out-of-order
1295,L1-D.mshr,requests-simultaneous
1296,L1-D.mshr,no-free-slots
1297,L1-D.mshr,total-delay
1298,L1-D.mshr,total-barrier-delay
1299,L1-D.next_read,num-requests
1300,L1-D.next_read,num-barriers
1301,L1-D.next_read,requests-out-of-order
1302,L1-D.next_read,requests-simultaneous
1303,L1-D.next_read,no-free-slots
1304,L1-D.next_read,total-delay
1305,L1-D.next_read,total-barrier-delay
1306,L1-D,access-mru-0
1307,L1-D,access-mru-1
1308,L1-D,access-mru-2
1309,L1-D,access-mru-3
1310,L1-D,access-mru-4
1311,L1-D,access-mru-5
1312,L1-D,access-mru-6
1313,L1-D,access-mru-7
1314,L1-D,data-reuse-0
1315,L1-D,data-reuse-1
1316,L1-D,data-reuse-2
1317,L1-D,data-reuse-3
1318,L1-D,data-reuse-4
1319,L1-D,metadata-reuse-0
1320,L1-D,metadata-reuse-1
1321,L1-D,metadata-reuse-2
1322,L1-D,metadata-reuse-3
1323,L1-D,metadata-reuse-4
1324,L1-D,tlb-reuse-0
1325,L1-D,tlb-reuse-1
1326,L1-D,tlb-reuse-2
1327,L1-D,tlb-reuse-3
1328,L1-D,tlb-reuse-4
1329,L1-D,data-util-0
1330,L1-D,data-util-1
1331,L1-D,data-util-2
1332,L1-D,data-util-3
1333,L1-D,data-util-4
1334,L1-D,data-util-5
1335,L1-D,data-util-6
1336,L1-D,data-util-7
1337,L1-D,metadata-util-0
1338,L1-D,metadata-util-1
1339,L1-D,metadata-util-2
1340,L1-D,metadata-util-3
1341,L1-D,metadata-util-4
1342,L1-D,metadata-util-5
1343,L1-D,metadata-util-6
1344,L1-D,metadata-util-7
1345,L1-D,tlb-util-0
1346,L1-D,tlb-util-1
1347,L1-D,tlb-util-2
1348,L1-D,tlb-util-3
1349,L1-D,tlb-util-4
1350,L1-D,tlb-util-5
1351,L1-D,tlb-util-6
1352,L1-D,tlb-util-7
1353,L1-D,average_data_reuse
1354,L1-D,average_metadata_reuse
1355,L1-D,average_tlb_reuse
1356,L1-D,tloads
1357,L1-D,tstores
1358,L1-D,tload-misses
1359,L1-D,tstore-misses
1360,L1-D,loads-page_table
1361,L1-D,stores-page_table
1362,L1-D,load-misses-page_table
1363,L1-D,store-misses-page_table
1364,L1-D,load-overlapping-misses-page_table
1365,L1-D,store-overlapping-misses-page_table
1366,L1-D,loads-prefetch-page_table
1367,L1-D,stores-prefetch-page_table
1368,L1-D,loads-page_table_passthrough
1369,L1-D,stores-page_table_passthrough
1370,L1-D,load-misses-page_table_passthrough
1371,L1-D,store-misses-page_table_passthrough
1372,L1-D,load-overlapping-misses-page_table_passthrough
1373,L1-D,store-overlapping-misses-page_table_passthrough
1374,L1-D,loads-prefetch-page_table_passthrough
1375,L1-D,stores-prefetch-page_table_passthrough
1376,L1-D,loads-??
1377,L1-D,stores-??
1378,L1-D,load-misses-??
1379,L1-D,store-misses-??
1380,L1-D,load-overlapping-misses-??
1381,L1-D,store-overlapping-misses-??
1382,L1-D,loads-prefetch-??
1383,L1-D,stores-prefetch-??
1384,L1-D,loads-utopia
1385,L1-D,stores-utopia
1386,L1-D,load-misses-utopia
1387,L1-D,store-misses-utopia
1388,L1-D,load-overlapping-misses-utopia
1389,L1-D,store-overlapping-misses-utopia
1390,L1-D,loads-prefetch-utopia
1391,L1-D,stores-prefetch-utopia
1392,L1-D,loads-security
1393,L1-D,stores-security
1394,L1-D,load-misses-security
1395,L1-D,store-misses-security
1396,L1-D,load-overlapping-misses-security
1397,L1-D,store-overlapping-misses-security
1398,L1-D,loads-prefetch-security
1399,L1-D,stores-prefetch-security
1400,L1-D,loads-expressive
1401,L1-D,stores-expressive
1402,L1-D,load-misses-expressive
1403,L1-D,store-misses-expressive
1404,L1-D,load-overlapping-misses-expressive
1405,L1-D,store-overlapping-misses-expressive
1406,L1-D,loads-prefetch-expressive
1407,L1-D,stores-prefetch-expressive
1408,L1-D,loads-tlb_entry
1409,L1-D,stores-tlb_entry
1410,L1-D,load-misses-tlb_entry
1411,L1-D,store-misses-tlb_entry
1412,L1-D,load-overlapping-misses-tlb_entry
1413,L1-D,store-overlapping-misses-tlb_entry
1414,L1-D,loads-prefetch-tlb_entry
1415,L1-D,stores-prefetch-tlb_entry
1416,L1-D,loads-tlb_entry_passthrough
1417,L1-D,stores-tlb_entry_passthrough
1418,L1-D,load-misses-tlb_entry_passthrough
1419,L1-D,store-misses-tlb_entry_passthrough
1420,L1-D,load-overlapping-misses-tlb_entry_passthrough
1421,L1-D,store-overlapping-misses-tlb_entry_passthrough
1422,L1-D,loads-prefetch-tlb_entry_passthrough
1423,L1-D,stores-prefetch-tlb_entry_passthrough
1424,L1-D,loads-non_page_table
1425,L1-D,stores-non_page_table
1426,L1-D,load-misses-non_page_table
1427,L1-D,store-misses-non_page_table
1428,L1-D,load-overlapping-misses-non_page_table
1429,L1-D,store-overlapping-misses-non_page_table
1430,L1-D,loads-prefetch-non_page_table
1431,L1-D,stores-prefetch-non_page_table
1432,L1-D,hits-prefetch
1433,L1-D,evict-prefetch
1434,L1-D,invalidate-prefetch
1435,L1-D,hits-warmup
1436,L1-D,evict-warmup
1437,L1-D,invalidate-warmup
1438,L1-D,total-latency
1439,L1-D,snoop-latency
1440,L1-D,qbs-query-latency
1441,L1-D,mshr-latency
1442,L1-D,metadata-mshr-latency
1443,L1-D,prefetches
1444,L1-D,loads-I-page_table
1445,L1-D,stores-I-page_table
1446,L1-D,load-misses-I-page_table
1447,L1-D,store-misses-I-page_table
1448,L1-D,loads-I-page_table_passthrough
1449,L1-D,stores-I-page_table_passthrough
1450,L1-D,load-misses-I-page_table_passthrough
1451,L1-D,store-misses-I-page_table_passthrough
1452,L1-D,loads-I-??
1453,L1-D,stores-I-??
1454,L1-D,load-misses-I-??
1455,L1-D,store-misses-I-??
1456,L1-D,loads-I-utopia
1457,L1-D,stores-I-utopia
1458,L1-D,load-misses-I-utopia
1459,L1-D,store-misses-I-utopia
1460,L1-D,loads-I-security
1461,L1-D,stores-I-security
1462,L1-D,load-misses-I-security
1463,L1-D,store-misses-I-security
1464,L1-D,loads-I-expressive
1465,L1-D,stores-I-expressive
1466,L1-D,load-misses-I-expressive
1467,L1-D,store-misses-I-expressive
1468,L1-D,loads-I-tlb_entry
1469,L1-D,stores-I-tlb_entry
1470,L1-D,load-misses-I-tlb_entry
1471,L1-D,store-misses-I-tlb_entry
1472,L1-D,loads-I-tlb_entry_passthrough
1473,L1-D,stores-I-tlb_entry_passthrough
1474,L1-D,load-misses-I-tlb_entry_passthrough
1475,L1-D,store-misses-I-tlb_entry_passthrough
1476,L1-D,loads-I-non_page_table
1477,L1-D,stores-I-non_page_table
1478,L1-D,load-misses-I-non_page_table
1479,L1-D,store-misses-I-non_page_table
1480,L1-D,evict-I
1481,L1-D,backinval-I
1482,L1-D,loads-S-page_table
1483,L1-D,stores-S-page_table
1484,L1-D,load-misses-S-page_table
1485,L1-D,store-misses-S-page_table
1486,L1-D,loads-S-page_table_passthrough
1487,L1-D,stores-S-page_table_passthrough
1488,L1-D,load-misses-S-page_table_passthrough
1489,L1-D,store-misses-S-page_table_passthrough
1490,L1-D,loads-S-??
1491,L1-D,stores-S-??
1492,L1-D,load-misses-S-??
1493,L1-D,store-misses-S-??
1494,L1-D,loads-S-utopia
1495,L1-D,stores-S-utopia
1496,L1-D,load-misses-S-utopia
1497,L1-D,store-misses-S-utopia
1498,L1-D,loads-S-security
1499,L1-D,stores-S-security
1500,L1-D,load-misses-S-security
1501,L1-D,store-misses-S-security
1502,L1-D,loads-S-expressive
1503,L1-D,stores-S-expressive
1504,L1-D,load-misses-S-expressive
1505,L1-D,store-misses-S-expressive
1506,L1-D,loads-S-tlb_entry
1507,L1-D,stores-S-tlb_entry
1508,L1-D,load-misses-S-tlb_entry
1509,L1-D,store-misses-S-tlb_entry
1510,L1-D,loads-S-tlb_entry_passthrough
1511,L1-D,stores-S-tlb_entry_passthrough
1512,L1-D,load-misses-S-tlb_entry_passthrough
1513,L1-D,store-misses-S-tlb_entry_passthrough
1514,L1-D,loads-S-non_page_table
1515,L1-D,stores-S-non_page_table
1516,L1-D,load-misses-S-non_page_table
1517,L1-D,store-misses-S-non_page_table
1518,L1-D,evict-S
1519,L1-D,backinval-S
1520,L1-D,loads-u-page_table
1521,L1-D,stores-u-page_table
1522,L1-D,load-misses-u-page_table
1523,L1-D,store-misses-u-page_table
1524,L1-D,loads-u-page_table_passthrough
1525,L1-D,stores-u-page_table_passthrough
1526,L1-D,load-misses-u-page_table_passthrough
1527,L1-D,store-misses-u-page_table_passthrough
1528,L1-D,loads-u-??
1529,L1-D,stores-u-??
1530,L1-D,load-misses-u-??
1531,L1-D,store-misses-u-??
1532,L1-D,loads-u-utopia
1533,L1-D,stores-u-utopia
1534,L1-D,load-misses-u-utopia
1535,L1-D,store-misses-u-utopia
1536,L1-D,loads-u-security
1537,L1-D,stores-u-security
1538,L1-D,load-misses-u-security
1539,L1-D,store-misses-u-security
1540,L1-D,loads-u-expressive
1541,L1-D,stores-u-expressive
1542,L1-D,load-misses-u-expressive
1543,L1-D,store-misses-u-expressive
1544,L1-D,loads-u-tlb_entry
1545,L1-D,stores-u-tlb_entry
1546,L1-D,load-misses-u-tlb_entry
1547,L1-D,store-misses-u-tlb_entry
1548,L1-D,loads-u-tlb_entry_passthrough
1549,L1-D,stores-u-tlb_entry_passthrough
1550,L1-D,load-misses-u-tlb_entry_passthrough
1551,L1-D,store-misses-u-tlb_entry_passthrough
1552,L1-D,loads-u-non_page_table
1553,L1-D,stores-u-non_page_table
1554,L1-D,load-misses-u-non_page_table
1555,L1-D,store-misses-u-non_page_table
1556,L1-D,evict-u
1557,L1-D,backinval-u
1558,L1-D,loads-E-page_table
1559,L1-D,stores-E-page_table
1560,L1-D,load-misses-E-page_table
1561,L1-D,store-misses-E-page_table
1562,L1-D,loads-E-page_table_passthrough
1563,L1-D,stores-E-page_table_passthrough
1564,L1-D,load-misses-E-page_table_passthrough
1565,L1-D,store-misses-E-page_table_passthrough
1566,L1-D,loads-E-??
1567,L1-D,stores-E-??
1568,L1-D,load-misses-E-??
1569,L1-D,store-misses-E-??
1570,L1-D,loads-E-utopia
1571,L1-D,stores-E-utopia
1572,L1-D,load-misses-E-utopia
1573,L1-D,store-misses-E-utopia
1574,L1-D,loads-E-security
1575,L1-D,stores-E-security
1576,L1-D,load-misses-E-security
1577,L1-D,store-misses-E-security
1578,L1-D,loads-E-expressive
1579,L1-D,stores-E-expressive
1580,L1-D,load-misses-E-expressive
1581,L1-D,store-misses-E-expressive
1582,L1-D,loads-E-tlb_entry
1583,L1-D,stores-E-tlb_entry
1584,L1-D,load-misses-E-tlb_entry
1585,L1-D,store-misses-E-tlb_entry
1586,L1-D,loads-E-tlb_entry_passthrough
1587,L1-D,stores-E-tlb_entry_passthrough
1588,L1-D,load-misses-E-tlb_entry_passthrough
1589,L1-D,store-misses-E-tlb_entry_passthrough
1590,L1-D,loads-E-non_page_table
1591,L1-D,stores-E-non_page_table
1592,L1-D,load-misses-E-non_page_table
1593,L1-D,store-misses-E-non_page_table
1594,L1-D,evict-E
1595,L1-D,backinval-E
1596,L1-D,loads-O-page_table
1597,L1-D,stores-O-page_table
1598,L1-D,load-misses-O-page_table
1599,L1-D,store-misses-O-page_table
1600,L1-D,loads-O-page_table_passthrough
1601,L1-D,stores-O-page_table_passthrough
1602,L1-D,load-misses-O-page_table_passthrough
1603,L1-D,store-misses-O-page_table_passthrough
1604,L1-D,loads-O-??
1605,L1-D,stores-O-??
1606,L1-D,load-misses-O-??
1607,L1-D,store-misses-O-??
1608,L1-D,loads-O-utopia
1609,L1-D,stores-O-utopia
1610,L1-D,load-misses-O-utopia
1611,L1-D,store-misses-O-utopia
1612,L1-D,loads-O-security
1613,L1-D,stores-O-security
1614,L1-D,load-misses-O-security
1615,L1-D,store-misses-O-security
1616,L1-D,loads-O-expressive
1617,L1-D,stores-O-expressive
1618,L1-D,load-misses-O-expressive
1619,L1-D,store-misses-O-expressive
1620,L1-D,loads-O-tlb_entry
1621,L1-D,stores-O-tlb_entry
1622,L1-D,load-misses-O-tlb_entry
1623,L1-D,store-misses-O-tlb_entry
1624,L1-D,loads-O-tlb_entry_passthrough
1625,L1-D,stores-O-tlb_entry_passthrough
1626,L1-D,load-misses-O-tlb_entry_passthrough
1627,L1-D,store-misses-O-tlb_entry_passthrough
1628,L1-D,loads-O-non_page_table
1629,L1-D,stores-O-non_page_table
1630,L1-D,load-misses-O-non_page_table
1631,L1-D,store-misses-O-non_page_table
1632,L1-D,evict-O
1633,L1-D,backinval-O
1634,L1-D,loads-M-page_table
1635,L1-D,stores-M-page_table
1636,L1-D,load-misses-M-page_table
1637,L1-D,store-misses-M-page_table
1638,L1-D,loads-M-page_table_passthrough
1639,L1-D,stores-M-page_table_passthrough
1640,L1-D,load-misses-M-page_table_passthrough
1641,L1-D,store-misses-M-page_table_passthrough
1642,L1-D,loads-M-??
1643,L1-D,stores-M-??
1644,L1-D,load-misses-M-??
1645,L1-D,store-misses-M-??
1646,L1-D,loads-M-utopia
1647,L1-D,stores-M-utopia
1648,L1-D,load-misses-M-utopia
1649,L1-D,store-misses-M-utopia
1650,L1-D,loads-M-security
1651,L1-D,stores-M-security
1652,L1-D,load-misses-M-security
1653,L1-D,store-misses-M-security
1654,L1-D,loads-M-expressive
1655,L1-D,stores-M-expressive
1656,L1-D,load-misses-M-expressive
1657,L1-D,store-misses-M-expressive
1658,L1-D,loads-M-tlb_entry
1659,L1-D,stores-M-tlb_entry
1660,L1-D,load-misses-M-tlb_entry
1661,L1-D,store-misses-M-tlb_entry
1662,L1-D,loads-M-tlb_entry_passthrough
1663,L1-D,stores-M-tlb_entry_passthrough
1664,L1-D,load-misses-M-tlb_entry_passthrough
1665,L1-D,store-misses-M-tlb_entry_passthrough
1666,L1-D,loads-M-non_page_table
1667,L1-D,stores-M-non_page_table
1668,L1-D,load-misses-M-non_page_table
1669,L1-D,store-misses-M-non_page_table
1670,L1-D,evict-M
1671,L1-D,backinval-M
1672,L1-D,loads-where-L1I
1673,L1-D,loads-where-page-table-L1I
1674,L1-D,loads-where-utopiaL1I
1675,L1-D,stores-where-L1I
1676,L1-D,loads-where-L1
1677,L1-D,loads-where-page-table-L1
1678,L1-D,loads-where-utopiaL1
1679,L1-D,stores-where-L1
1680,L1-D,loads-where-L2
1681,L1-D,loads-where-page-table-L2
1682,L1-D,loads-where-utopiaL2
1683,L1-D,stores-where-L2
1684,L1-D,loads-where-L3
1685,L1-D,loads-where-page-table-L3
1686,L1-D,loads-where-utopiaL3
1687,L1-D,stores-where-L3
1688,L1-D,loads-where-L4
1689,L1-D,loads-where-page-table-L4
1690,L1-D,loads-where-utopiaL4
1691,L1-D,stores-where-L4
1692,L1-D,loads-where-miss
1693,L1-D,loads-where-page-table-miss
1694,L1-D,loads-where-utopiamiss
1695,L1-D,stores-where-miss
1696,L1-D,loads-where-nuca-cache
1697,L1-D,loads-where-page-table-nuca-cache
1698,L1-D,loads-where-utopianuca-cache
1699,L1-D,stores-where-nuca-cache
1700,L1-D,loads-where-dram-cache
1701,L1-D,loads-where-page-table-dram-cache
1702,L1-D,loads-where-utopiadram-cache
1703,L1-D,stores-where-dram-cache
1704,L1-D,loads-where-dram
1705,L1-D,loads-where-page-table-dram
1706,L1-D,loads-where-utopiadram
1707,L1-D,stores-where-dram
1708,L1-D,loads-where-dram-local
1709,L1-D,loads-where-page-table-dram-local
1710,L1-D,loads-where-utopiadram-local
1711,L1-D,stores-where-dram-local
1712,L1-D,loads-where-dram-remote
1713,L1-D,loads-where-page-table-dram-remote
1714,L1-D,loads-where-utopiadram-remote
1715,L1-D,stores-where-dram-remote
1716,L1-D,loads-where-cache-remote
1717,L1-D,loads-where-page-table-cache-remote
1718,L1-D,loads-where-utopiacache-remote
1719,L1-D,stores-where-cache-remote
1720,L1-D,loads-where-L1_S
1721,L1-D,loads-where-page-table-L1_S
1722,L1-D,loads-where-utopiaL1_S
1723,L1-D,stores-where-L1_S
1724,L1-D,loads-where-L2_S
1725,L1-D,loads-where-page-table-L2_S
1726,L1-D,loads-where-utopiaL2_S
1727,L1-D,stores-where-L2_S
1728,L1-D,loads-where-L3_S
1729,L1-D,loads-where-page-table-L3_S
1730,L1-D,loads-where-utopiaL3_S
1731,L1-D,stores-where-L3_S
1732,L1-D,loads-where-L4_S
1733,L1-D,loads-where-page-table-L4_S
1734,L1-D,loads-where-utopiaL4_S
1735,L1-D,stores-where-L4_S
1736,L1-D,loads-where-unknown
1737,L1-D,loads-where-page-table-unknown
1738,L1-D,loads-where-utopiaunknown
1739,L1-D,stores-where-unknown
1740,L1-D,loads-where-predicate-false
1741,L1-D,loads-where-page-table-predicate-false
1742,L1-D,loads-where-utopiapredicate-false
1743,L1-D,stores-where-predicate-false
1744,L1-D,loads-where-prefetch-no-mapping
1745,L1-D,loads-where-page-table-prefetch-no-mapping
1746,L1-D,loads-where-utopiaprefetch-no-mapping
1747,L1-D,stores-where-prefetch-no-mapping
1748,L1-D,loads-where-shadow_cache
1749,L1-D,loads-where-page-table-shadow_cache
1750,L1-D,loads-where-utopiashadow_cache
1751,L1-D,stores-where-shadow_cache
1752,L1-D,coherency-downgrades
1753,L1-D,coherency-upgrades
1754,L1-D,coherency-writebacks
1755,L1-D,coherency-invalidates
1756,L2.next_read,num-requests
1757,L2.next_read,num-barriers
1758,L2.next_read,requests-out-of-order
1759,L2.next_read,requests-simultaneous
1760,L2.next_read,no-free-slots
1761,L2.next_read,total-delay
1762,L2.next_read,total-barrier-delay
1763,L2,access-mru-0
1764,L2,access-mru-1
1765,L2,access-mru-2
1766,L2,access-mru-3
1767,L2,access-mru-4
1768,L2,access-mru-5
1769,L2,access-mru-6
1770,L2,access-mru-7
1771,L2,access-mru-8
1772,L2,access-mru-9
1773,L2,access-mru-10
1774,L2,access-mru-11
1775,L2,access-mru-12
1776,L2,access-mru-13
1777,L2,access-mru-14
1778,L2,access-mru-15
1779,L2,data-reuse-0
1780,L2,data-reuse-1
1781,L2,data-reuse-2
1782,L2,data-reuse-3
1783,L2,data-reuse-4
1784,L2,metadata-reuse-0
1785,L2,metadata-reuse-1
1786,L2,metadata-reuse-2
1787,L2,metadata-reuse-3
1788,L2,metadata-reuse-4
1789,L2,tlb-reuse-0
1790,L2,tlb-reuse-1
1791,L2,tlb-reuse-2
1792,L2,tlb-reuse-3
1793,L2,tlb-reuse-4
1794,L2,data-util-0
1795,L2,data-util-1
1796,L2,data-util-2
1797,L2,data-util-3
1798,L2,data-util-4
1799,L2,data-util-5
1800,L2,data-util-6
1801,L2,data-util-7
1802,L2,metadata-util-0
1803,L2,metadata-util-1
1804,L2,metadata-util-2
1805,L2,metadata-util-3
1806,L2,metadata-util-4
1807,L2,metadata-util-5
1808,L2,metadata-util-6
1809,L2,metadata-util-7
1810,L2,tlb-util-0
1811,L2,tlb-util-1
1812,L2,tlb-util-2
1813,L2,tlb-util-3
1814,L2,tlb-util-4
1815,L2,tlb-util-5
1816,L2,tlb-util-6
1817,L2,tlb-util-7
1818,L2,average_data_reuse
1819,L2,average_metadata_reuse
1820,L2,average_tlb_reuse
1821,L2,tloads
1822,L2,tstores
1823,L2,tload-misses
1824,L2,tstore-misses
1825,L2,loads-page_table
1826,L2,stores-page_table
1827,L2,load-misses-page_table
1828,L2,store-misses-page_table
1829,L2,load-overlapping-misses-page_table
1830,L2,store-overlapping-misses-page_table
1831,L2,loads-prefetch-page_table
1832,L2,stores-prefetch-page_table
1833,L2,loads-page_table_passthrough
1834,L2,stores-page_table_passthrough
1835,L2,load-misses-page_table_passthrough
1836,L2,store-misses-page_table_passthrough
1837,L2,load-overlapping-misses-page_table_passthrough
1838,L2,store-overlapping-misses-page_table_passthrough
1839,L2,loads-prefetch-page_table_passthrough
1840,L2,stores-prefetch-page_table_passthrough
1841,L2,loads-??
1842,L2,stores-??
1843,L2,load-misses-??
1844,L2,store-misses-??
1845,L2,load-overlapping-misses-??
1846,L2,store-overlapping-misses-??
1847,L2,loads-prefetch-??
1848,L2,stores-prefetch-??
1849,L2,loads-utopia
1850,L2,stores-utopia
1851,L2,load-misses-utopia
1852,L2,store-misses-utopia
1853,L2,load-overlapping-misses-utopia
1854,L2,store-overlapping-misses-utopia
1855,L2,loads-prefetch-utopia
1856,L2,stores-prefetch-utopia
1857,L2,loads-security
1858,L2,stores-security
1859,L2,load-misses-security
1860,L2,store-misses-security
1861,L2,load-overlapping-misses-security
1862,L2,store-overlapping-misses-security
1863,L2,loads-prefetch-security
1864,L2,stores-prefetch-security
1865,L2,loads-expressive
1866,L2,stores-expressive
1867,L2,load-misses-expressive
1868,L2,store-misses-expressive
1869,L2,load-overlapping-misses-expressive
1870,L2,store-overlapping-misses-expressive
1871,L2,loads-prefetch-expressive
1872,L2,stores-prefetch-expressive
1873,L2,loads-tlb_entry
1874,L2,stores-tlb_entry
1875,L2,load-misses-tlb_entry
1876,L2,store-misses-tlb_entry
1877,L2,load-overlapping-misses-tlb_entry
1878,L2,store-overlapping-misses-tlb_entry
1879,L2,loads-prefetch-tlb_entry
1880,L2,stores-prefetch-tlb_entry
1881,L2,loads-tlb_entry_passthrough
1882,L2,stores-tlb_entry_passthrough
1883,L2,load-misses-tlb_entry_passthrough
1884,L2,store-misses-tlb_entry_passthrough
1885,L2,load-overlapping-misses-tlb_entry_passthrough
1886,L2,store-overlapping-misses-tlb_entry_passthrough
1887,L2,loads-prefetch-tlb_entry_passthrough
1888,L2,stores-prefetch-tlb_entry_passthrough
1889,L2,loads-non_page_table
1890,L2,stores-non_page_table
1891,L2,load-misses-non_page_table
1892,L2,store-misses-non_page_table
1893,L2,load-overlapping-misses-non_page_table
1894,L2,store-overlapping-misses-non_page_table
1895,L2,loads-prefetch-non_page_table
1896,L2,stores-prefetch-non_page_table
1897,L2,hits-prefetch
1898,L2,evict-prefetch
1899,L2,invalidate-prefetch
1900,L2,hits-warmup
1901,L2,evict-warmup
1902,L2,invalidate-warmup
1903,L2,total-latency
1904,L2,snoop-latency
1905,L2,qbs-query-latency
1906,L2,mshr-latency
1907,L2,metadata-mshr-latency
1908,L2,prefetches
1909,L2,loads-I-page_table
1910,L2,stores-I-page_table
1911,L2,load-misses-I-page_table
1912,L2,store-misses-I-page_table
1913,L2,loads-I-page_table_passthrough
1914,L2,stores-I-page_table_passthrough
1915,L2,load-misses-I-page_table_passthrough
1916,L2,store-misses-I-page_table_passthrough
1917,L2,loads-I-??
1918,L2,stores-I-??
1919,L2,load-misses-I-??
1920,L2,store-misses-I-??
1921,L2,loads-I-utopia
1922,L2,stores-I-utopia
1923,L2,load-misses-I-utopia
1924,L2,store-misses-I-utopia
1925,L2,loads-I-security
1926,L2,stores-I-security
1927,L2,load-misses-I-security
1928,L2,store-misses-I-security
1929,L2,loads-I-expressive
1930,L2,stores-I-expressive
1931,L2,load-misses-I-expressive
1932,L2,store-misses-I-expressive
1933,L2,loads-I-tlb_entry
1934,L2,stores-I-tlb_entry
1935,L2,load-misses-I-tlb_entry
1936,L2,store-misses-I-tlb_entry
1937,L2,loads-I-tlb_entry_passthrough
1938,L2,stores-I-tlb_entry_passthrough
1939,L2,load-misses-I-tlb_entry_passthrough
1940,L2,store-misses-I-tlb_entry_passthrough
1941,L2,loads-I-non_page_table
1942,L2,stores-I-non_page_table
1943,L2,load-misses-I-non_page_table
1944,L2,store-misses-I-non_page_table
1945,L2,evict-I
1946,L2,backinval-I
1947,L2,loads-S-page_table
1948,L2,stores-S-page_table
1949,L2,load-misses-S-page_table
1950,L2,store-misses-S-page_table
1951,L2,loads-S-page_table_passthrough
1952,L2,stores-S-page_table_passthrough
1953,L2,load-misses-S-page_table_passthrough
1954,L2,store-misses-S-page_table_passthrough
1955,L2,loads-S-??
1956,L2,stores-S-??
1957,L2,load-misses-S-??
1958,L2,store-misses-S-??
1959,L2,loads-S-utopia
1960,L2,stores-S-utopia
1961,L2,load-misses-S-utopia
1962,L2,store-misses-S-utopia
1963,L2,loads-S-security
1964,L2,stores-S-security
1965,L2,load-misses-S-security
1966,L2,store-misses-S-security
1967,L2,loads-S-expressive
1968,L2,stores-S-expressive
1969,L2,load-misses-S-expressive
1970,L2,store-misses-S-expressive
1971,L2,loads-S-tlb_entry
1972,L2,stores-S-tlb_entry
1973,L2,load-misses-S-tlb_entry
1974,L2,store-misses-S-tlb_entry
1975,L2,loads-S-tlb_entry_passthrough
1976,L2,stores-S-tlb_entry_passthrough
1977,L2,load-misses-S-tlb_entry_passthrough
1978,L2,store-misses-S-tlb_entry_passthrough
1979,L2,loads-S-non_page_table
1980,L2,stores-S-non_page_table
1981,L2,load-misses-S-non_page_table
1982,L2,store-misses-S-non_page_table
1983,L2,evict-S
1984,L2,backinval-S
1985,L2,loads-u-page_table
1986,L2,stores-u-page_table
1987,L2,load-misses-u-page_table
1988,L2,store-misses-u-page_table
1989,L2,loads-u-page_table_passthrough
1990,L2,stores-u-page_table_passthrough
1991,L2,load-misses-u-page_table_passthrough
1992,L2,store-misses-u-page_table_passthrough
1993,L2,loads-u-??
1994,L2,stores-u-??
1995,L2,load-misses-u-??
1996,L2,store-misses-u-??
1997,L2,loads-u-utopia
1998,L2,stores-u-utopia
1999,L2,load-misses-u-utopia
2000,L2,store-misses-u-utopia
2001,L2,loads-u-security
2002,L2,stores-u-security
2003,L2,load-misses-u-security
2004,L2,store-misses-u-security
2005,L2,loads-u-expressive
2006,L2,stores-u-expressive
2007,L2,load-misses-u-expressive
2008,L2,store-misses-u-expressive
2009,L2,loads-u-tlb_entry
2010,L2,stores-u-tlb_entry
2011,L2,load-misses-u-tlb_entry
2012,L2,store-misses-u-tlb_entry
2013,L2,loads-u-tlb_entry_passthrough
2014,L2,stores-u-tlb_entry_passthrough
2015,L2,load-misses-u-tlb_entry_passthrough
2016,L2,store-misses-u-tlb_entry_passthrough
2017,L2,loads-u-non_page_table
2018,L2,stores-u-non_page_table
2019,L2,load-misses-u-non_page_table
2020,L2,store-misses-u-non_page_table
2021,L2,evict-u
2022,L2,backinval-u
2023,L2,loads-E-page_table
2024,L2,stores-E-page_table
2025,L2,load-misses-E-page_table
2026,L2,store-misses-E-page_table
2027,L2,loads-E-page_table_passthrough
2028,L2,stores-E-page_table_passthrough
2029,L2,load-misses-E-page_table_passthrough
2030,L2,store-misses-E-page_table_passthrough
2031,L2,loads-E-??
2032,L2,stores-E-??
2033,L2,load-misses-E-??
2034,L2,store-misses-E-??
2035,L2,loads-E-utopia
2036,L2,stores-E-utopia
2037,L2,load-misses-E-utopia
2038,L2,store-misses-E-utopia
2039,L2,loads-E-security
2040,L2,stores-E-security
2041,L2,load-misses-E-security
2042,L2,store-misses-E-security
2043,L2,loads-E-expressive
2044,L2,stores-E-expressive
2045,L2,load-misses-E-expressive
2046,L2,store-misses-E-expressive
2047,L2,loads-E-tlb_entry
2048,L2,stores-E-tlb_entry
2049,L2,load-misses-E-tlb_entry
2050,L2,store-misses-E-tlb_entry
2051,L2,loads-E-tlb_entry_passthrough
2052,L2,stores-E-tlb_entry_passthrough
2053,L2,load-misses-E-tlb_entry_passthrough
2054,L2,store-misses-E-tlb_entry_passthrough
2055,L2,loads-E-non_page_table
2056,L2,stores-E-non_page_table
2057,L2,load-misses-E-non_page_table
2058,L2,store-misses-E-non_page_table
2059,L2,evict-E
2060,L2,backinval-E
2061,L2,loads-O-page_table
2062,L2,stores-O-page_table
2063,L2,load-misses-O-page_table
2064,L2,store-misses-O-page_table
2065,L2,loads-O-page_table_passthrough
2066,L2,stores-O-page_table_passthrough
2067,L2,load-misses-O-page_table_passthrough
2068,L2,store-misses-O-page_table_passthrough
2069,L2,loads-O-??
2070,L2,stores-O-??
2071,L2,load-misses-O-??
2072,L2,store-misses-O-??
2073,L2,loads-O-utopia
2074,L2,stores-O-utopia
2075,L2,load-misses-O-utopia
2076,L2,store-misses-O-utopia
2077,L2,loads-O-security
2078,L2,stores-O-security
2079,L2,load-misses-O-security
2080,L2,store-misses-O-security
2081,L2,loads-O-expressive
2082,L2,stores-O-expressive
2083,L2,load-misses-O-expressive
2084,L2,store-misses-O-expressive
2085,L2,loads-O-tlb_entry
2086,L2,stores-O-tlb_entry
2087,L2,load-misses-O-tlb_entry
2088,L2,store-misses-O-tlb_entry
2089,L2,loads-O-tlb_entry_passthrough
2090,L2,stores-O-tlb_entry_passthrough
2091,L2,load-misses-O-tlb_entry_passthrough
2092,L2,store-misses-O-tlb_entry_passthrough
2093,L2,loads-O-non_page_table
2094,L2,stores-O-non_page_table
2095,L2,load-misses-O-non_page_table
2096,L2,store-misses-O-non_page_table
2097,L2,evict-O
2098,L2,backinval-O
2099,L2,loads-M-page_table
2100,L2,stores-M-page_table
2101,L2,load-misses-M-page_table
2102,L2,store-misses-M-page_table
2103,L2,loads-M-page_table_passthrough
2104,L2,stores-M-page_table_passthrough
2105,L2,load-misses-M-page_table_passthrough
2106,L2,store-misses-M-page_table_passthrough
2107,L2,loads-M-??
2108,L2,stores-M-??
2109,L2,load-misses-M-??
2110,L2,store-misses-M-??
2111,L2,loads-M-utopia
2112,L2,stores-M-utopia
2113,L2,load-misses-M-utopia
2114,L2,store-misses-M-utopia
2115,L2,loads-M-security
2116,L2,stores-M-security
2117,L2,load-misses-M-security
2118,L2,store-misses-M-security
2119,L2,loads-M-expressive
2120,L2,stores-M-expressive
2121,L2,load-misses-M-expressive
2122,L2,store-misses-M-expressive
2123,L2,loads-M-tlb_entry
2124,L2,stores-M-tlb_entry
2125,L2,load-misses-M-tlb_entry
2126,L2,store-misses-M-tlb_entry
2127,L2,loads-M-tlb_entry_passthrough
2128,L2,stores-M-tlb_entry_passthrough
2129,L2,load-misses-M-tlb_entry_passthrough
2130,L2,store-misses-M-tlb_entry_passthrough
2131,L2,loads-M-non_page_table
2132,L2,stores-M-non_page_table
2133,L2,load-misses-M-non_page_table
2134,L2,store-misses-M-non_page_table
2135,L2,evict-M
2136,L2,backinval-M
2137,L2,coherency-downgrades
2138,L2,coherency-upgrades
2139,L2,coherency-writebacks
2140,L2,coherency-invalidates
2141,L2,uncore-time-noc-base
2142,L2,uncore-time-noc-queue
2143,L2,uncore-time-td-access
2144,L2,uncore-time-inv-imbalance
2145,L2,uncore-time-remote-cache-inv
2146,L2,uncore-time-remote-cache-fwd
2147,L2,uncore-time-remote-cache-wb
2148,L2,uncore-time-pending-hit
2149,L2,uncore-time-nuca-tags
2150,L2,uncore-time-nuca-bus
2151,L2,uncore-time-nuca-queue
2152,L2,uncore-time-nuca-data
2153,L2,uncore-time-dram-cache
2154,L2,uncore-time-dram-cache-tags
2155,L2,uncore-time-dram-cache-queue
2156,L2,uncore-time-dram-cache-bus
2157,L2,uncore-time-dram-cache-data
2158,L2,uncore-time-dram
2159,L2,uncore-time-dram-queue
2160,L2,uncore-time-dram-bus
2161,L2,uncore-time-dram-device
2162,L2,uncore-time-dram-cntrl
2163,L2,uncore-time-dram-refresh
2164,L2,uncore-time-dram-bank-pending
2165,L2,uncore-time-dram-bank-conflict
2166,L2,uncore-time-unknown
2167,L2,uncore-totaltime
2168,L2,uncore-requests
2169,fastforward_performance_model,fastforwarded_time
2170,performance_model,cpiFastforwardTime
2171,fastforward_timer,cpiBase
2172,fastforward_timer,cpiBranchPredictor
2173,fastforward_timer,cpiDataCacheL1I
2174,fastforward_timer,cpiDataCacheL1
2175,fastforward_timer,cpiDataCacheL2
2176,fastforward_timer,cpiDataCacheL3
2177,fastforward_timer,cpiDataCacheL4
2178,fastforward_timer,cpiDataCachemiss
2179,fastforward_timer,cpiDataCachenuca-cache
2180,fastforward_timer,cpiDataCachedram-cache
2181,fastforward_timer,cpiDataCachedram
2182,fastforward_timer,cpiDataCachedram-local
2183,fastforward_timer,cpiDataCachedram-remote
2184,fastforward_timer,cpiDataCachecache-remote
2185,fastforward_timer,cpiDataCacheL1_S
2186,fastforward_timer,cpiDataCacheL2_S
2187,fastforward_timer,cpiDataCacheL3_S
2188,fastforward_timer,cpiDataCacheL4_S
2189,fastforward_timer,cpiDataCacheunknown
2190,fastforward_timer,cpiDataCachepredicate-false
2191,fastforward_timer,cpiDataCacheprefetch-no-mapping
2192,fastforward_timer,cpiDataCacheshadow_cache
2193,branch_predictor,num-correct
2194,branch_predictor,num-incorrect
2195,performance_model,instruction_count
2196,performance_model,elapsed_time
2197,performance_model,idle_elapsed_time
2198,performance_model,cpiStartTime
2199,performance_model,cpiSyncFutex
2200,performance_model,cpiSyncPthreadMutex
2201,performance_model,cpiSyncPthreadCond
2202,performance_model,cpiSyncPthreadBarrier
2203,performance_model,cpiSyncJoin
2204,performance_model,cpiSyncPause
2205,performance_model,cpiSyncSleep
2206,performance_model,cpiSyncSyscall
2207,performance_model,cpiSyncUnscheduled
2208,performance_model,cpiSyncDvfsTransition
2209,performance_model,cpiRecv
2210,performance_model,dyninsn_count
2211,performance_model,dyninsn_cost
2212,performance_model,dyninsn_zero_count
2213,performance_model,cpiITLBMiss
2214,performance_model,cpiDTLBMiss
2215,performance_model,cpiUnknown
2216,performance_model,cpiSyncMemAccess
2217,rob_timer.load_queue,num-requests
2218,rob_timer.load_queue,num-barriers
2219,rob_timer.load_queue,requests-out-of-order
2220,rob_timer.load_queue,requests-simultaneous
2221,rob_timer.load_queue,no-free-slots
2222,rob_timer.load_queue,total-delay
2223,rob_timer.load_queue,total-barrier-delay
2224,rob_timer.store_queue,num-requests
2225,rob_timer.store_queue,num-barriers
2226,rob_timer.store_queue,requests-out-of-order
2227,rob_timer.store_queue,requests-simultaneous
2228,rob_timer.store_queue,no-free-slots
2229,rob_timer.store_queue,total-delay
2230,rob_timer.store_queue,total-barrier-delay
2231,rob_timer,time_skipped
2232,rob_timer,uop_fp_addsub
2233,rob_timer,uop_fp_muldiv
2234,rob_timer,uop_load
2235,rob_timer,uop_store
2236,rob_timer,uop_generic
2237,rob_timer,uop_branch
2238,rob_timer,uops_total
2239,rob_timer,uops_x87
2240,rob_timer,uops_pause
2241,rob_timer,numSerializationInsns
2242,rob_timer,totalSerializationLatency
2243,rob_timer,totalHiddenDCacheLatency
2244,rob_timer,numMfenceInsns
2245,rob_timer,totalMfenceLatency
2246,rob_timer,cpiBase
2247,rob_timer,cpiBranchPredictor
2248,rob_timer,cpiSerialization
2249,rob_timer,cpiRSFull
2250,rob_timer,cpiInstructionCacheL1I
2251,rob_timer,cpiInstructionCacheL1
2252,rob_timer,cpiInstructionCacheL2
2253,rob_timer,cpiInstructionCacheL3
2254,rob_timer,cpiInstructionCacheL4
2255,rob_timer,cpiInstructionCachemiss
2256,rob_timer,cpiInstructionCachenuca-cache
2257,rob_timer,cpiInstructionCachedram-cache
2258,rob_timer,cpiInstructionCachedram
2259,rob_timer,cpiInstructionCachedram-local
2260,rob_timer,cpiInstructionCachedram-remote
2261,rob_timer,cpiInstructionCachecache-remote
2262,rob_timer,cpiInstructionCacheL1_S
2263,rob_timer,cpiInstructionCacheL2_S
2264,rob_timer,cpiInstructionCacheL3_S
2265,rob_timer,cpiInstructionCacheL4_S
2266,rob_timer,cpiInstructionCacheunknown
2267,rob_timer,cpiInstructionCachepredicate-false
2268,rob_timer,cpiInstructionCacheprefetch-no-mapping
2269,rob_timer,cpiInstructionCacheshadow_cache
2270,rob_timer,cpiDataCacheL1I
2271,rob_timer,cpiDataCacheL1
2272,rob_timer,cpiDataCacheL2
2273,rob_timer,cpiDataCacheL3
2274,rob_timer,cpiDataCacheL4
2275,rob_timer,cpiDataCachemiss
2276,rob_timer,cpiDataCachenuca-cache
2277,rob_timer,cpiDataCachedram-cache
2278,rob_timer,cpiDataCachedram
2279,rob_timer,cpiDataCachedram-local
2280,rob_timer,cpiDataCachedram-remote
2281,rob_timer,cpiDataCachecache-remote
2282,rob_timer,cpiDataCacheL1_S
2283,rob_timer,cpiDataCacheL2_S
2284,rob_timer,cpiDataCacheL3_S
2285,rob_timer,cpiDataCacheL4_S
2286,rob_timer,cpiDataCacheunknown
2287,rob_timer,cpiDataCachepredicate-false
2288,rob_timer,cpiDataCacheprefetch-no-mapping
2289,rob_timer,cpiDataCacheshadow_cache
2290,rob_timer,outstandingLongLatencyInsns
2291,rob_timer,outstandingLongLatencyCycles
2292,rob_timer,loads-count
2293,rob_timer,loads-latency
2294,rob_timer,stores-count
2295,rob_timer,stores-latency
2296,rob_timer,totalProducerInsDistance
2297,rob_timer,totalConsumers
2298,rob_timer,producerInsDistance[0]
2299,rob_timer,producerInsDistance[1]
2300,rob_timer,producerInsDistance[2]
2301,rob_timer,producerInsDistance[3]
2302,rob_timer,producerInsDistance[4]
2303,rob_timer,producerInsDistance[5]
2304,rob_timer,producerInsDistance[6]
2305,rob_timer,producerInsDistance[7]
2306,rob_timer,producerInsDistance[8]
2307,rob_timer,producerInsDistance[9]
2308,rob_timer,producerInsDistance[10]
2309,rob_timer,producerInsDistance[11]
2310,rob_timer,producerInsDistance[12]
2311,rob_timer,producerInsDistance[13]
2312,rob_timer,producerInsDistance[14]
2313,rob_timer,producerInsDistance[15]
2314,rob_timer,producerInsDistance[16]
2315,rob_timer,producerInsDistance[17]
2316,rob_timer,producerInsDistance[18]
2317,rob_timer,producerInsDistance[19]
2318,rob_timer,producerInsDistance[20]
2319,rob_timer,producerInsDistance[21]
2320,rob_timer,producerInsDistance[22]
2321,rob_timer,producerInsDistance[23]
2322,rob_timer,producerInsDistance[24]
2323,rob_timer,producerInsDistance[25]
2324,rob_timer,producerInsDistance[26]
2325,rob_timer,producerInsDistance[27]
2326,rob_timer,producerInsDistance[28]
2327,rob_timer,producerInsDistance[29]
2328,rob_timer,producerInsDistance[30]
2329,rob_timer,producerInsDistance[31]
2330,rob_timer,producerInsDistance[32]
2331,rob_timer,producerInsDistance[33]
2332,rob_timer,producerInsDistance[34]
2333,rob_timer,producerInsDistance[35]
2334,rob_timer,producerInsDistance[36]
2335,rob_timer,producerInsDistance[37]
2336,rob_timer,producerInsDistance[38]
2337,rob_timer,producerInsDistance[39]
2338,rob_timer,producerInsDistance[40]
2339,rob_timer,producerInsDistance[41]
2340,rob_timer,producerInsDistance[42]
2341,rob_timer,producerInsDistance[43]
2342,rob_timer,producerInsDistance[44]
2343,rob_timer,producerInsDistance[45]
2344,rob_timer,producerInsDistance[46]
2345,rob_timer,producerInsDistance[47]
2346,rob_timer,producerInsDistance[48]
2347,rob_timer,producerInsDistance[49]
2348,rob_timer,producerInsDistance[50]
2349,rob_timer,producerInsDistance[51]
2350,rob_timer,producerInsDistance[52]
2351,rob_timer,producerInsDistance[53]
2352,rob_timer,producerInsDistance[54]
2353,rob_timer,producerInsDistance[55]
2354,rob_timer,producerInsDistance[56]
2355,rob_timer,producerInsDistance[57]
2356,rob_timer,producerInsDistance[58]
2357,rob_timer,producerInsDistance[59]
2358,rob_timer,producerInsDistance[60]
2359,rob_timer,producerInsDistance[61]
2360,rob_timer,producerInsDistance[62]
2361,rob_timer,producerInsDistance[63]
2362,rob_timer,producerInsDistance[64]
2363,rob_timer,producerInsDistance[65]
2364,rob_timer,producerInsDistance[66]
2365,rob_timer,producerInsDistance[67]
2366,rob_timer,producerInsDistance[68]
2367,rob_timer,producerInsDistance[69]
2368,rob_timer,producerInsDistance[70]
2369,rob_timer,producerInsDistance[71]
2370,rob_timer,producerInsDistance[72]
2371,rob_timer,producerInsDistance[73]
2372,rob_timer,producerInsDistance[74]
2373,rob_timer,producerInsDistance[75]
2374,rob_timer,producerInsDistance[76]
2375,rob_timer,producerInsDistance[77]
2376,rob_timer,producerInsDistance[78]
2377,rob_timer,producerInsDistance[79]
2378,rob_timer,producerInsDistance[80]
2379,rob_timer,producerInsDistance[81]
2380,rob_timer,producerInsDistance[82]
2381,rob_timer,producerInsDistance[83]
2382,rob_timer,producerInsDistance[84]
2383,rob_timer,producerInsDistance[85]
2384,rob_timer,producerInsDistance[86]
2385,rob_timer,producerInsDistance[87]
2386,rob_timer,producerInsDistance[88]
2387,rob_timer,producerInsDistance[89]
2388,rob_timer,producerInsDistance[90]
2389,rob_timer,producerInsDistance[91]
2390,rob_timer,producerInsDistance[92]
2391,rob_timer,producerInsDistance[93]
2392,rob_timer,producerInsDistance[94]
2393,rob_timer,producerInsDistance[95]
2394,rob_timer,producerInsDistance[96]
2395,rob_timer,producerInsDistance[97]
2396,rob_timer,producerInsDistance[98]
2397,rob_timer,producerInsDistance[99]
2398,rob_timer,producerInsDistance[100]
2399,rob_timer,producerInsDistance[101]
2400,rob_timer,producerInsDistance[102]
2401,rob_timer,producerInsDistance[103]
2402,rob_timer,producerInsDistance[104]
2403,rob_timer,producerInsDistance[105]
2404,rob_timer,producerInsDistance[106]
2405,rob_timer,producerInsDistance[107]
2406,rob_timer,producerInsDistance[108]
2407,rob_timer,producerInsDistance[109]
2408,rob_timer,producerInsDistance[110]
2409,rob_timer,producerInsDistance[111]
2410,rob_timer,producerInsDistance[112]
2411,rob_timer,producerInsDistance[113]
2412,rob_timer,producerInsDistance[114]
2413,rob_timer,producerInsDistance[115]
2414,rob_timer,producerInsDistance[116]
2415,rob_timer,producerInsDistance[117]
2416,rob_timer,producerInsDistance[118]
2417,rob_timer,producerInsDistance[119]
2418,rob_timer,producerInsDistance[120]
2419,rob_timer,producerInsDistance[121]
2420,rob_timer,producerInsDistance[122]
2421,rob_timer,producerInsDistance[123]
2422,rob_timer,producerInsDistance[124]
2423,rob_timer,producerInsDistance[125]
2424,rob_timer,producerInsDistance[126]
2425,rob_timer,producerInsDistance[127]
2426,rob_timer,producerInsDistance[128]
2427,rob_timer,producerInsDistance[129]
2428,rob_timer,producerInsDistance[130]
2429,rob_timer,producerInsDistance[131]
2430,rob_timer,producerInsDistance[132]
2431,rob_timer,producerInsDistance[133]
2432,rob_timer,producerInsDistance[134]
2433,rob_timer,producerInsDistance[135]
2434,rob_timer,producerInsDistance[136]
2435,rob_timer,producerInsDistance[137]
2436,rob_timer,producerInsDistance[138]
2437,rob_timer,producerInsDistance[139]
2438,rob_timer,producerInsDistance[140]
2439,rob_timer,producerInsDistance[141]
2440,rob_timer,producerInsDistance[142]
2441,rob_timer,producerInsDistance[143]
2442,rob_timer,producerInsDistance[144]
2443,rob_timer,producerInsDistance[145]
2444,rob_timer,producerInsDistance[146]
2445,rob_timer,producerInsDistance[147]
2446,rob_timer,producerInsDistance[148]
2447,rob_timer,producerInsDistance[149]
2448,rob_timer,producerInsDistance[150]
2449,rob_timer,producerInsDistance[151]
2450,rob_timer,producerInsDistance[152]
2451,rob_timer,producerInsDistance[153]
2452,rob_timer,producerInsDistance[154]
2453,rob_timer,producerInsDistance[155]
2454,rob_timer,producerInsDistance[156]
2455,rob_timer,producerInsDistance[157]
2456,rob_timer,producerInsDistance[158]
2457,rob_timer,producerInsDistance[159]
2458,rob_timer,producerInsDistance[160]
2459,rob_timer,producerInsDistance[161]
2460,rob_timer,producerInsDistance[162]
2461,rob_timer,producerInsDistance[163]
2462,rob_timer,producerInsDistance[164]
2463,rob_timer,producerInsDistance[165]
2464,rob_timer,producerInsDistance[166]
2465,rob_timer,producerInsDistance[167]
2466,rob_timer,producerInsDistance[168]
2467,rob_timer,producerInsDistance[169]
2468,rob_timer,producerInsDistance[170]
2469,rob_timer,producerInsDistance[171]
2470,rob_timer,producerInsDistance[172]
2471,rob_timer,producerInsDistance[173]
2472,rob_timer,producerInsDistance[174]
2473,rob_timer,producerInsDistance[175]
2474,rob_timer,producerInsDistance[176]
2475,rob_timer,producerInsDistance[177]
2476,rob_timer,producerInsDistance[178]
2477,rob_timer,producerInsDistance[179]
2478,rob_timer,producerInsDistance[180]
2479,rob_timer,producerInsDistance[181]
2480,rob_timer,producerInsDistance[182]
2481,rob_timer,producerInsDistance[183]
2482,rob_timer,producerInsDistance[184]
2483,rob_timer,producerInsDistance[185]
2484,rob_timer,producerInsDistance[186]
2485,rob_timer,producerInsDistance[187]
2486,rob_timer,producerInsDistance[188]
2487,rob_timer,producerInsDistance[189]
2488,rob_timer,producerInsDistance[190]
2489,rob_timer,producerInsDistance[191]
2490,rob_timer,producerInsDistance[192]
2491,rob_timer,producerInsDistance[193]
2492,rob_timer,producerInsDistance[194]
2493,rob_timer,producerInsDistance[195]
2494,rob_timer,producerInsDistance[196]
2495,rob_timer,producerInsDistance[197]
2496,rob_timer,producerInsDistance[198]
2497,rob_timer,producerInsDistance[199]
2498,rob_timer,producerInsDistance[200]
2499,rob_timer,producerInsDistance[201]
2500,rob_timer,producerInsDistance[202]
2501,rob_timer,producerInsDistance[203]
2502,rob_timer,producerInsDistance[204]
2503,rob_timer,producerInsDistance[205]
2504,rob_timer,producerInsDistance[206]
2505,rob_timer,producerInsDistance[207]
2506,rob_timer,producerInsDistance[208]
2507,rob_timer,producerInsDistance[209]
2508,rob_timer,producerInsDistance[210]
2509,rob_timer,producerInsDistance[211]
2510,rob_timer,producerInsDistance[212]
2511,rob_timer,producerInsDistance[213]
2512,rob_timer,producerInsDistance[214]
2513,rob_timer,producerInsDistance[215]
2514,rob_timer,producerInsDistance[216]
2515,rob_timer,producerInsDistance[217]
2516,rob_timer,producerInsDistance[218]
2517,rob_timer,producerInsDistance[219]
2518,rob_timer,producerInsDistance[220]
2519,rob_timer,producerInsDistance[221]
2520,rob_timer,producerInsDistance[222]
2521,rob_timer,producerInsDistance[223]
2522,pthread,pthread_mutex_lock_count
2523,pthread,pthread_mutex_lock_delay_sync
2524,pthread,pthread_mutex_lock_delay_mem
2525,pthread,pthread_mutex_trylock_count
2526,pthread,pthread_mutex_trylock_delay_sync
2527,pthread,pthread_mutex_trylock_delay_mem
2528,pthread,pthread_mutex_unlock_count
2529,pthread,pthread_mutex_unlock_delay_sync
2530,pthread,pthread_mutex_unlock_delay_mem
2531,pthread,pthread_cond_wait_count
2532,pthread,pthread_cond_wait_delay_sync
2533,pthread,pthread_cond_wait_delay_mem
2534,pthread,pthread_cond_signal_count
2535,pthread,pthread_cond_signal_delay_sync
2536,pthread,pthread_cond_signal_delay_mem
2537,pthread,pthread_cond_broadcast_count
2538,pthread,pthread_cond_broadcast_delay_sync
2539,pthread,pthread_cond_broadcast_delay_mem
2540,pthread,pthread_barrier_wait_count
2541,pthread,pthread_barrier_wait_delay_sync
2542,pthread,pthread_barrier_wait_delay_mem
2543,pthread,pthread_mutex_lock_contended
2544,pthread,pthread_mutex_unlock_contended
2545,futex,futex_wait_count
2546,futex,futex_wait_delay
2547,futex,futex_wake_count
2548,futex,futex_wake_delay
2549,futex,futex_fd_count
2550,futex,futex_fd_delay
2551,futex,futex_requeue_count
2552,futex,futex_requeue_delay
2553,futex,futex_cmp_requeue_count
2554,futex,futex_cmp_requeue_delay
2555,futex,futex_wake_op_count
2556,futex,futex_wake_op_delay
2557,futex,futex_lock_pi_count
2558,futex,futex_lock_pi_delay
2559,futex,futex_unlock_pi_count
2560,futex,futex_unlock_pi_delay
2561,futex,futex_trylock_pi_count
2562,futex,futex_trylock_pi_delay
2563,futex,futex_wait_bitset_count
2564,futex,futex_wait_bitset_delay
2565,futex,futex_wake_bitset_count
2566,futex,futex_wake_bitset_delay
2567,futex,futex_wait_requeue_pi_count
2568,futex,futex_wait_requeue_pi_delay
2569,futex,futex_cmp_requeue_pi_count
2570,futex,futex_cmp_requeue_pi_delay
2571,syscall,stdout-bytes
2572,syscall,stderr-bytes
2573,thread,elapsed_time
2574,thread,unscheduled_time
2575,thread,time_by_core[0]
2576,thread,instructions_by_core[0]
2577,thread,instruction_count
2578,thread,nonidle_elapsed_time
2579,thread,waiting_cost
2580,thread,bottle_contrib_time
2581,thread,bottle_runtime_time
